A1,S012,CS101,2025-10-28
A2,S017,CS101,2025-10-28
A3,S018,CS101,2025-10-28
A4,S021,CS101,2025-10-28
A5,S008,CS101,2025-10-29
A6,S012,CS101,2025-10-29
A7,S017,CS101,2025-10-29
A8,S018,CS101,2025-10-29
A9,S021,CS101,2025-10-29
A10,S017,CS101,2025-10-30
A11,S018,CS101,2025-10-30
A12,S020,CS101,2025-10-30
A13,S021,CS101,2025-10-30
A14,S008,CS101,2025-10-31
A15,S012,CS101,2025-10-31
A16,S017,CS101,2025-10-31
A17,S018,CS101,2025-10-31
A18,S020,CS101,2025-10-31
A19,S021,CS101,2025-10-31
A20,S008,CS101,2025-11-03
A21,S018,CS101,2025-11-03
A22,S020,CS101,2025-11-03
A23,S021,CS101,2025-11-03
A24,S008,CS101,2025-11-04
A25,S012,CS101,2025-11-04
A26,S018,CS101,2025-11-04
A27,S020,CS101,2025-11-04
A28,S021,CS101,2025-11-04
A29,S008,CS101,2025-11-05
A30,S017,CS101,2025-11-05
A31,S018,CS101,2025-11-05
A32,S020,CS101,2025-11-05
A33,S012,CS101,2025-11-10
A34,S017,CS101,2025-11-10
A35,S020,CS101,2025-11-10
A36,S021,CS101,2025-11-10
A37,S008,CS101,2025-11-11
A38,S012,CS101,2025-11-11
A39,S017,CS101,2025-11-11
A40,S018,CS101,2025-11-11
A41,S020,CS101,2025-11-11
A42,S021,CS101,2025-11-11
A43,S008,CS101,2025-11-12
A44,S012,CS101,2025-11-12
A45,S018,CS101,2025-11-12
A46,S020,CS101,2025-11-12
A47,S008,CS101,2025-11-14
A48,S012,CS101,2025-11-14
A49,S017,CS101,2025-11-14
A50,S020,CS101,2025-11-14
A51,S021,CS101,2025-11-14
A52,S008,CS101,2025-11-17
A53,S012,CS101,2025-11-17
A54,S017,CS101,2025-11-17
A55,S018,CS101,2025-11-17
A56,S020,CS101,2025-11-17
A57,S021,CS101,2025-11-17
A58,S008,CS101,2025-11-18
A59,S012,CS101,2025-11-18
A60,S017,CS101,2025-11-18
A61,S020,CS101,2025-11-18
A62,S021,CS101,2025-11-18
A63,S008,CS101,2025-11-19
A64,S012,CS101,2025-11-19
A65,S017,CS101,2025-11-19
A66,S018,CS101,2025-11-19
A67,S021,CS101,2025-11-19
A68,S008,CS101,2025-11-21
A69,S012,CS101,2025-11-21
A70,S018,CS101,2025-11-21
A71,S008,CS101,2025-11-24
A72,S012,CS101,2025-11-24
A73,S017,CS101,2025-11-24
A74,S018,CS101,2025-11-24
A75,S020,CS101,2025-11-24
A76,S021,CS101,2025-11-24
A77,S008,CS101,2025-11-25
A78,S012,CS101,2025-11-25
A79,S017,CS101,2025-11-25
A80,S018,CS101,2025-11-25
A81,S021,CS101,2025-11-25
A82,S017,CS101,2025-11-26
A83,S018,CS101,2025-11-26
A84,S020,CS101,2025-11-26
A85,S021,CS101,2025-11-26
A86,S008,CS101,2025-11-27
A87,S012,CS101,2025-11-27
A88,S017,CS101,2025-11-27
A89,S018,CS101,2025-11-27
A90,S020,CS101,2025-11-27
A91,S021,CS101,2025-11-27
A92,S012,CS101,2025-12-01
A93,S017,CS101,2025-12-01
A94,S018,CS101,2025-12-01
A95,S020,CS101,2025-12-01
A96,S021,CS101,2025-12-01
A97,S008,CS101,2025-12-02
A98,S012,CS101,2025-12-02
A99,S018,CS101,2025-12-02
A100,S020,CS101,2025-12-02
A101,S021,CS101,2025-12-02
A102,S018,CS101,2025-12-04
A103,S020,CS101,2025-12-04
A104,S021,CS101,2025-12-04
A105,S008,CS101,2025-12-05
A106,S012,CS101,2025-12-05
A107,S017,CS101,2025-12-05
A108,S018,CS101,2025-12-05
A109,S020,CS101,2025-12-05
A110,S021,CS101,2025-12-05
A111,S008,CS101,2025-12-08
A112,S012,CS101,2025-12-08
A113,S017,CS101,2025-12-08
A114,S018,CS101,2025-12-08
A115,S021,CS101,2025-12-08
A116,S008,CS101,2025-12-10
A117,S012,CS101,2025-12-10
A118,S017,CS101,2025-12-10
A119,S018,CS101,2025-12-10
A120,S021,CS101,2025-12-10
A121,S008,CS101,2025-12-11
A122,S012,CS101,2025-12-11
A123,S017,CS101,2025-12-11
A124,S018,CS101,2025-12-11
A125,S021,CS101,2025-12-11
A126,S008,CS101,2025-12-12
A127,S017,CS101,2025-12-12
A128,S018,CS101,2025-12-12
A129,S021,CS101,2025-12-12
A130,S008,CS101,2025-12-15
A131,S012,CS101,2025-12-15
A132,S018,CS101,2025-12-15
A133,S021,CS101,2025-12-15
A134,S008,CS101,2025-12-16
A135,S012,CS101,2025-12-16
A136,S017,CS101,2025-12-16
A137,S020,CS101,2025-12-16
A138,S021,CS101,2025-12-16
A139,S008,CS101,2025-12-19
A140,S012,CS101,2025-12-19
A141,S017,CS101,2025-12-19
A142,S020,CS101,2025-12-19
A143,S021,CS101,2025-12-19
A144,S008,CS101,2025-12-22
A145,S012,CS101,2025-12-22
A146,S017,CS101,2025-12-22
A147,S018,CS101,2025-12-22
A148,S020,CS101,2025-12-22
A149,S021,CS101,2025-12-22
A150,S008,CS101,2025-12-24
A151,S012,CS101,2025-12-24
A152,S017,CS101,2025-12-24
A153,S018,CS101,2025-12-24
A154,S020,CS101,2025-12-24
A155,S021,CS101,2025-12-24
A156,S002,CS102,2025-10-27
A157,S010,CS102,2025-10-27
A158,S021,CS102,2025-10-27
A159,S022,CS102,2025-10-27
A160,S023,CS102,2025-10-27
A161,S024,CS102,2025-10-27
A162,S025,CS102,2025-10-27
A163,S002,CS102,2025-10-28
A164,S005,CS102,2025-10-28
A165,S011,CS102,2025-10-28
A166,S022,CS102,2025-10-28
A167,S024,CS102,2025-10-28
A168,S025,CS102,2025-10-28
A169,S002,CS102,2025-10-29
A170,S010,CS102,2025-10-29
A171,S022,CS102,2025-10-29
A172,S024,CS102,2025-10-29
A173,S025,CS102,2025-10-29
A174,S002,CS102,2025-10-30
A175,S005,CS102,2025-10-30
A176,S010,CS102,2025-10-30
A177,S011,CS102,2025-10-30
A178,S021,CS102,2025-10-30
A179,S022,CS102,2025-10-30
A180,S023,CS102,2025-10-30
A181,S024,CS102,2025-10-30
A182,S025,CS102,2025-10-30
A183,S002,CS102,2025-10-31
A184,S005,CS102,2025-10-31
A185,S010,CS102,2025-10-31
A186,S011,CS102,2025-10-31
A187,S021,CS102,2025-10-31
A188,S023,CS102,2025-10-31
A189,S024,CS102,2025-10-31
A190,S025,CS102,2025-10-31
A191,S002,CS102,2025-11-04
A192,S005,CS102,2025-11-04
A193,S010,CS102,2025-11-04
A194,S011,CS102,2025-11-04
A195,S021,CS102,2025-11-04
A196,S022,CS102,2025-11-04
A197,S023,CS102,2025-11-04
A198,S024,CS102,2025-11-04
A199,S005,CS102,2025-11-06
A200,S010,CS102,2025-11-06
A201,S022,CS102,2025-11-06
A202,S023,CS102,2025-11-06
A203,S024,CS102,2025-11-06
A204,S025,CS102,2025-11-06
A205,S005,CS102,2025-11-07
A206,S010,CS102,2025-11-07
A207,S021,CS102,2025-11-07
A208,S022,CS102,2025-11-07
A209,S023,CS102,2025-11-07
A210,S024,CS102,2025-11-07
A211,S025,CS102,2025-11-07
A212,S002,CS102,2025-11-10
A213,S005,CS102,2025-11-10
A214,S010,CS102,2025-11-10
A215,S011,CS102,2025-11-10
A216,S022,CS102,2025-11-10
A217,S025,CS102,2025-11-10
A218,S005,CS102,2025-11-11
A219,S010,CS102,2025-11-11
A220,S011,CS102,2025-11-11
A221,S021,CS102,2025-11-11
A222,S022,CS102,2025-11-11
A223,S023,CS102,2025-11-11
A224,S024,CS102,2025-11-11
A225,S002,CS102,2025-11-12
A226,S005,CS102,2025-11-12
A227,S010,CS102,2025-11-12
A228,S011,CS102,2025-11-12
A229,S021,CS102,2025-11-12
A230,S022,CS102,2025-11-12
A231,S023,CS102,2025-11-12
A232,S024,CS102,2025-11-12
A233,S002,CS102,2025-11-13
A234,S005,CS102,2025-11-13
A235,S010,CS102,2025-11-13
A236,S011,CS102,2025-11-13
A237,S021,CS102,2025-11-13
A238,S023,CS102,2025-11-13
A239,S024,CS102,2025-11-13
A240,S025,CS102,2025-11-13
A241,S011,CS102,2025-11-14
A242,S021,CS102,2025-11-14
A243,S022,CS102,2025-11-14
A244,S024,CS102,2025-11-14
A245,S025,CS102,2025-11-14
A246,S005,CS102,2025-11-17
A247,S010,CS102,2025-11-17
A248,S011,CS102,2025-11-17
A249,S021,CS102,2025-11-17
A250,S022,CS102,2025-11-17
A251,S023,CS102,2025-11-17
A252,S002,CS102,2025-11-18
A253,S005,CS102,2025-11-18
A254,S010,CS102,2025-11-18
A255,S011,CS102,2025-11-18
A256,S023,CS102,2025-11-18
A257,S025,CS102,2025-11-18
A258,S005,CS102,2025-11-20
A259,S011,CS102,2025-11-20
A260,S021,CS102,2025-11-20
A261,S022,CS102,2025-11-20
A262,S024,CS102,2025-11-20
A263,S025,CS102,2025-11-20
A264,S002,CS102,2025-11-21
A265,S005,CS102,2025-11-21
A266,S011,CS102,2025-11-21
A267,S021,CS102,2025-11-21
A268,S023,CS102,2025-11-21
A269,S024,CS102,2025-11-21
A270,S025,CS102,2025-11-21
A271,S005,CS102,2025-11-24
A272,S010,CS102,2025-11-24
A273,S021,CS102,2025-11-24
A274,S022,CS102,2025-11-24
A275,S023,CS102,2025-11-24
A276,S024,CS102,2025-11-24
A277,S025,CS102,2025-11-24
A278,S002,CS102,2025-11-25
A279,S005,CS102,2025-11-25
A280,S010,CS102,2025-11-25
A281,S011,CS102,2025-11-25
A282,S021,CS102,2025-11-25
A283,S022,CS102,2025-11-25
A284,S023,CS102,2025-11-25
A285,S024,CS102,2025-11-25
A286,S002,CS102,2025-11-26
A287,S005,CS102,2025-11-26
A288,S010,CS102,2025-11-26
A289,S011,CS102,2025-11-26
A290,S021,CS102,2025-11-26
A291,S022,CS102,2025-11-26
A292,S023,CS102,2025-11-26
A293,S024,CS102,2025-11-26
A294,S025,CS102,2025-11-26
A295,S002,CS102,2025-11-27
A296,S021,CS102,2025-11-27
A297,S022,CS102,2025-11-27
A298,S023,CS102,2025-11-27
A299,S024,CS102,2025-11-27
A300,S025,CS102,2025-11-27
A301,S002,CS102,2025-11-28
A302,S011,CS102,2025-11-28
A303,S021,CS102,2025-11-28
A304,S022,CS102,2025-11-28
A305,S023,CS102,2025-11-28
A306,S024,CS102,2025-11-28
A307,S002,CS102,2025-12-01
A308,S005,CS102,2025-12-01
A309,S010,CS102,2025-12-01
A310,S011,CS102,2025-12-01
A311,S021,CS102,2025-12-01
A312,S022,CS102,2025-12-01
A313,S023,CS102,2025-12-01
A314,S024,CS102,2025-12-01
A315,S005,CS102,2025-12-02
A316,S010,CS102,2025-12-02
A317,S011,CS102,2025-12-02
A318,S021,CS102,2025-12-02
A319,S022,CS102,2025-12-02
A320,S023,CS102,2025-12-02
A321,S024,CS102,2025-12-02
A322,S025,CS102,2025-12-02
A323,S010,CS102,2025-12-03
A324,S011,CS102,2025-12-03
A325,S021,CS102,2025-12-03
A326,S023,CS102,2025-12-03
A327,S024,CS102,2025-12-03
A328,S025,CS102,2025-12-03
A329,S002,CS102,2025-12-04
A330,S005,CS102,2025-12-04
A331,S010,CS102,2025-12-04
A332,S011,CS102,2025-12-04
A333,S023,CS102,2025-12-04
A334,S024,CS102,2025-12-04
A335,S025,CS102,2025-12-04
A336,S002,CS102,2025-12-05
A337,S005,CS102,2025-12-05
A338,S010,CS102,2025-12-05
A339,S011,CS102,2025-12-05
A340,S021,CS102,2025-12-05
A341,S025,CS102,2025-12-05
A342,S005,CS102,2025-12-08
A343,S010,CS102,2025-12-08
A344,S011,CS102,2025-12-08
A345,S021,CS102,2025-12-08
A346,S022,CS102,2025-12-08
A347,S023,CS102,2025-12-08
A348,S024,CS102,2025-12-08
A349,S002,CS102,2025-12-09
A350,S005,CS102,2025-12-09
A351,S010,CS102,2025-12-09
A352,S011,CS102,2025-12-09
A353,S023,CS102,2025-12-09
A354,S024,CS102,2025-12-09
A355,S025,CS102,2025-12-09
A356,S002,CS102,2025-12-10
A357,S005,CS102,2025-12-10
A358,S010,CS102,2025-12-10
A359,S011,CS102,2025-12-10
A360,S021,CS102,2025-12-10
A361,S022,CS102,2025-12-10
A362,S023,CS102,2025-12-10
A363,S024,CS102,2025-12-10
A364,S025,CS102,2025-12-10
A365,S002,CS102,2025-12-11
A366,S005,CS102,2025-12-11
A367,S010,CS102,2025-12-11
A368,S021,CS102,2025-12-11
A369,S022,CS102,2025-12-11
A370,S023,CS102,2025-12-11
A371,S024,CS102,2025-12-11
A372,S025,CS102,2025-12-11
A373,S002,CS102,2025-12-12
A374,S010,CS102,2025-12-12
A375,S011,CS102,2025-12-12
A376,S022,CS102,2025-12-12
A377,S023,CS102,2025-12-12
A378,S024,CS102,2025-12-12
A379,S002,CS102,2025-12-15
A380,S005,CS102,2025-12-15
A381,S011,CS102,2025-12-15
A382,S021,CS102,2025-12-15
A383,S022,CS102,2025-12-15
A384,S024,CS102,2025-12-15
A385,S025,CS102,2025-12-15
A386,S002,CS102,2025-12-18
A387,S010,CS102,2025-12-18
A388,S011,CS102,2025-12-18
A389,S021,CS102,2025-12-18
A390,S022,CS102,2025-12-18
A391,S023,CS102,2025-12-18
A392,S024,CS102,2025-12-18
A393,S002,CS102,2025-12-19
A394,S005,CS102,2025-12-19
A395,S011,CS102,2025-12-19
A396,S021,CS102,2025-12-19
A397,S023,CS102,2025-12-19
A398,S024,CS102,2025-12-19
A399,S025,CS102,2025-12-19
A400,S002,CS102,2025-12-22
A401,S005,CS102,2025-12-22
A402,S010,CS102,2025-12-22
A403,S021,CS102,2025-12-22
A404,S022,CS102,2025-12-22
A405,S023,CS102,2025-12-22
A406,S024,CS102,2025-12-22
A407,S002,CS102,2025-12-23
A408,S005,CS102,2025-12-23
A409,S010,CS102,2025-12-23
A410,S011,CS102,2025-12-23
A411,S022,CS102,2025-12-23
A412,S002,CS102,2025-12-24
A413,S005,CS102,2025-12-24
A414,S011,CS102,2025-12-24
A415,S022,CS102,2025-12-24
A416,S023,CS102,2025-12-24
A417,S024,CS102,2025-12-24
A418,S003,CS103,2025-10-27
A419,S006,CS103,2025-10-27
A420,S008,CS103,2025-10-27
A421,S009,CS103,2025-10-27
A422,S014,CS103,2025-10-27
A423,S015,CS103,2025-10-27
A424,S019,CS103,2025-10-27
A425,S023,CS103,2025-10-27
A426,S025,CS103,2025-10-27
A427,S003,CS103,2025-10-28
A428,S006,CS103,2025-10-28
A429,S009,CS103,2025-10-28
A430,S014,CS103,2025-10-28
A431,S019,CS103,2025-10-28
A432,S025,CS103,2025-10-28
A433,S001,CS103,2025-10-30
A434,S003,CS103,2025-10-30
A435,S008,CS103,2025-10-30
A436,S009,CS103,2025-10-30
A437,S014,CS103,2025-10-30
A438,S019,CS103,2025-10-30
A439,S023,CS103,2025-10-30
A440,S025,CS103,2025-10-30
A441,S001,CS103,2025-10-31
A442,S003,CS103,2025-10-31
A443,S004,CS103,2025-10-31
A444,S006,CS103,2025-10-31
A445,S008,CS103,2025-10-31
A446,S009,CS103,2025-10-31
A447,S014,CS103,2025-10-31
A448,S015,CS103,2025-10-31
A449,S019,CS103,2025-10-31
A450,S023,CS103,2025-10-31
A451,S025,CS103,2025-10-31
A452,S001,CS103,2025-11-04
A453,S003,CS103,2025-11-04
A454,S004,CS103,2025-11-04
A455,S006,CS103,2025-11-04
A456,S008,CS103,2025-11-04
A457,S009,CS103,2025-11-04
A458,S014,CS103,2025-11-04
A459,S015,CS103,2025-11-04
A460,S023,CS103,2025-11-04
A461,S025,CS103,2025-11-04
A462,S001,CS103,2025-11-05
A463,S003,CS103,2025-11-05
A464,S006,CS103,2025-11-05
A465,S008,CS103,2025-11-05
A466,S009,CS103,2025-11-05
A467,S015,CS103,2025-11-05
A468,S023,CS103,2025-11-05
A469,S001,CS103,2025-11-06
A470,S003,CS103,2025-11-06
A471,S004,CS103,2025-11-06
A472,S006,CS103,2025-11-06
A473,S008,CS103,2025-11-06
A474,S009,CS103,2025-11-06
A475,S014,CS103,2025-11-06
A476,S015,CS103,2025-11-06
A477,S023,CS103,2025-11-06
A478,S025,CS103,2025-11-06
A479,S001,CS103,2025-11-11
A480,S003,CS103,2025-11-11
A481,S008,CS103,2025-11-11
A482,S009,CS103,2025-11-11
A483,S014,CS103,2025-11-11
A484,S015,CS103,2025-11-11
A485,S019,CS103,2025-11-11
A486,S023,CS103,2025-11-11
A487,S006,CS103,2025-11-12
A488,S008,CS103,2025-11-12
A489,S009,CS103,2025-11-12
A490,S014,CS103,2025-11-12
A491,S019,CS103,2025-11-12
A492,S023,CS103,2025-11-12
A493,S025,CS103,2025-11-12
A494,S001,CS103,2025-11-13
A495,S003,CS103,2025-11-13
A496,S004,CS103,2025-11-13
A497,S006,CS103,2025-11-13
A498,S008,CS103,2025-11-13
A499,S009,CS103,2025-11-13
A500,S014,CS103,2025-11-13
A501,S019,CS103,2025-11-13
A502,S025,CS103,2025-11-13
A503,S003,CS103,2025-11-18
A504,S008,CS103,2025-11-18
A505,S009,CS103,2025-11-18
A506,S014,CS103,2025-11-18
A507,S015,CS103,2025-11-18
A508,S019,CS103,2025-11-18
A509,S023,CS103,2025-11-18
A510,S025,CS103,2025-11-18
A511,S001,CS103,2025-11-19
A512,S003,CS103,2025-11-19
A513,S004,CS103,2025-11-19
A514,S006,CS103,2025-11-19
A515,S008,CS103,2025-11-19
A516,S009,CS103,2025-11-19
A517,S015,CS103,2025-11-19
A518,S023,CS103,2025-11-19
A519,S025,CS103,2025-11-19
A520,S001,CS103,2025-11-21
A521,S003,CS103,2025-11-21
A522,S004,CS103,2025-11-21
A523,S006,CS103,2025-11-21
A524,S008,CS103,2025-11-21
A525,S015,CS103,2025-11-21
A526,S023,CS103,2025-11-21
A527,S025,CS103,2025-11-21
A528,S001,CS103,2025-11-24
A529,S003,CS103,2025-11-24
A530,S004,CS103,2025-11-24
A531,S006,CS103,2025-11-24
A532,S008,CS103,2025-11-24
A533,S009,CS103,2025-11-24
A534,S014,CS103,2025-11-24
A535,S015,CS103,2025-11-24
A536,S019,CS103,2025-11-24
A537,S023,CS103,2025-11-24
A538,S025,CS103,2025-11-24
A539,S001,CS103,2025-11-26
A540,S004,CS103,2025-11-26
A541,S006,CS103,2025-11-26
A542,S009,CS103,2025-11-26
A543,S014,CS103,2025-11-26
A544,S015,CS103,2025-11-26
A545,S023,CS103,2025-11-26
A546,S025,CS103,2025-11-26
A547,S003,CS103,2025-11-27
A548,S004,CS103,2025-11-27
A549,S006,CS103,2025-11-27
A550,S008,CS103,2025-11-27
A551,S015,CS103,2025-11-27
A552,S023,CS103,2025-11-27
A553,S025,CS103,2025-11-27
A554,S003,CS103,2025-11-28
A555,S004,CS103,2025-11-28
A556,S006,CS103,2025-11-28
A557,S008,CS103,2025-11-28
A558,S009,CS103,2025-11-28
A559,S014,CS103,2025-11-28
A560,S023,CS103,2025-11-28
A561,S006,CS103,2025-12-01
A562,S008,CS103,2025-12-01
A563,S014,CS103,2025-12-01
A564,S023,CS103,2025-12-01
A565,S025,CS103,2025-12-01
A566,S008,CS103,2025-12-02
A567,S009,CS103,2025-12-02
A568,S014,CS103,2025-12-02
A569,S015,CS103,2025-12-02
A570,S023,CS103,2025-12-02
A571,S025,CS103,2025-12-02
A572,S003,CS103,2025-12-03
A573,S004,CS103,2025-12-03
A574,S006,CS103,2025-12-03
A575,S008,CS103,2025-12-03
A576,S009,CS103,2025-12-03
A577,S014,CS103,2025-12-03
A578,S015,CS103,2025-12-03
A579,S019,CS103,2025-12-03
A580,S023,CS103,2025-12-03
A581,S025,CS103,2025-12-03
A582,S001,CS103,2025-12-04
A583,S003,CS103,2025-12-04
A584,S004,CS103,2025-12-04
A585,S006,CS103,2025-12-04
A586,S008,CS103,2025-12-04
A587,S009,CS103,2025-12-04
A588,S014,CS103,2025-12-04
A589,S015,CS103,2025-12-04
A590,S019,CS103,2025-12-04
A591,S003,CS103,2025-12-05
A592,S004,CS103,2025-12-05
A593,S006,CS103,2025-12-05
A594,S014,CS103,2025-12-05
A595,S023,CS103,2025-12-05
A596,S025,CS103,2025-12-05
A597,S001,CS103,2025-12-08
A598,S004,CS103,2025-12-08
A599,S006,CS103,2025-12-08
A600,S008,CS103,2025-12-08
A601,S014,CS103,2025-12-08
A602,S015,CS103,2025-12-08
A603,S019,CS103,2025-12-08
A604,S023,CS103,2025-12-08
A605,S025,CS103,2025-12-08
A606,S001,CS103,2025-12-09
A607,S003,CS103,2025-12-09
A608,S004,CS103,2025-12-09
A609,S008,CS103,2025-12-09
A610,S014,CS103,2025-12-09
A611,S015,CS103,2025-12-09
A612,S023,CS103,2025-12-09
A613,S025,CS103,2025-12-09
A614,S001,CS103,2025-12-10
A615,S006,CS103,2025-12-10
A616,S008,CS103,2025-12-10
A617,S009,CS103,2025-12-10
A618,S014,CS103,2025-12-10
A619,S015,CS103,2025-12-10
A620,S019,CS103,2025-12-10
A621,S023,CS103,2025-12-10
A622,S025,CS103,2025-12-10
A623,S001,CS103,2025-12-11
A624,S006,CS103,2025-12-11
A625,S008,CS103,2025-12-11
A626,S009,CS103,2025-12-11
A627,S014,CS103,2025-12-11
A628,S015,CS103,2025-12-11
A629,S019,CS103,2025-12-11
A630,S023,CS103,2025-12-11
A631,S025,CS103,2025-12-11
A632,S006,CS103,2025-12-12
A633,S008,CS103,2025-12-12
A634,S009,CS103,2025-12-12
A635,S014,CS103,2025-12-12
A636,S019,CS103,2025-12-12
A637,S023,CS103,2025-12-12
A638,S001,CS103,2025-12-17
A639,S006,CS103,2025-12-17
A640,S008,CS103,2025-12-17
A641,S009,CS103,2025-12-17
A642,S014,CS103,2025-12-17
A643,S015,CS103,2025-12-17
A644,S019,CS103,2025-12-17
A645,S023,CS103,2025-12-17
A646,S025,CS103,2025-12-17
A647,S001,CS103,2025-12-19
A648,S006,CS103,2025-12-19
A649,S008,CS103,2025-12-19
A650,S014,CS103,2025-12-19
A651,S015,CS103,2025-12-19
A652,S019,CS103,2025-12-19
A653,S023,CS103,2025-12-19
A654,S025,CS103,2025-12-19
A655,S003,CS103,2025-12-22
A656,S004,CS103,2025-12-22
A657,S006,CS103,2025-12-22
A658,S008,CS103,2025-12-22
A659,S009,CS103,2025-12-22
A660,S014,CS103,2025-12-22
A661,S015,CS103,2025-12-22
A662,S019,CS103,2025-12-22
A663,S023,CS103,2025-12-22
A664,S001,CS103,2025-12-23
A665,S003,CS103,2025-12-23
A666,S004,CS103,2025-12-23
A667,S008,CS103,2025-12-23
A668,S009,CS103,2025-12-23
A669,S015,CS103,2025-12-23
A670,S023,CS103,2025-12-23
A671,S025,CS103,2025-12-23
A672,S004,CS103,2025-12-24
A673,S006,CS103,2025-12-24
A674,S008,CS103,2025-12-24
A675,S009,CS103,2025-12-24
A676,S014,CS103,2025-12-24
A677,S019,CS103,2025-12-24
A678,S023,CS103,2025-12-24
A679,S025,CS103,2025-12-24
A680,S001,CS104,2025-10-27
A681,S004,CS104,2025-10-27
A682,S008,CS104,2025-10-27
A683,S015,CS104,2025-10-27
A684,S021,CS104,2025-10-27
A685,S022,CS104,2025-10-27
A686,S001,CS104,2025-10-28
A687,S008,CS104,2025-10-28
A688,S015,CS104,2025-10-28
A689,S021,CS104,2025-10-28
A690,S022,CS104,2025-10-28
A691,S001,CS104,2025-10-29
A692,S004,CS104,2025-10-29
A693,S008,CS104,2025-10-29
A694,S021,CS104,2025-10-29
A695,S022,CS104,2025-10-29
A696,S004,CS104,2025-10-30
A697,S015,CS104,2025-10-30
A698,S021,CS104,2025-10-30
A699,S022,CS104,2025-10-30
A700,S001,CS104,2025-10-31
A701,S004,CS104,2025-10-31
A702,S008,CS104,2025-10-31
A703,S015,CS104,2025-10-31
A704,S021,CS104,2025-10-31
A705,S022,CS104,2025-10-31
A706,S001,CS104,2025-11-03
A707,S004,CS104,2025-11-03
A708,S008,CS104,2025-11-03
A709,S015,CS104,2025-11-03
A710,S021,CS104,2025-11-03
A711,S022,CS104,2025-11-03
A712,S001,CS104,2025-11-04
A713,S004,CS104,2025-11-04
A714,S008,CS104,2025-11-04
A715,S021,CS104,2025-11-04
A716,S022,CS104,2025-11-04
A717,S001,CS104,2025-11-05
A718,S004,CS104,2025-11-05
A719,S008,CS104,2025-11-05
A720,S015,CS104,2025-11-05
A721,S021,CS104,2025-11-05
A722,S022,CS104,2025-11-05
A723,S001,CS104,2025-11-07
A724,S004,CS104,2025-11-07
A725,S015,CS104,2025-11-07
A726,S022,CS104,2025-11-07
A727,S001,CS104,2025-11-10
A728,S004,CS104,2025-11-10
A729,S008,CS104,2025-11-10
A730,S021,CS104,2025-11-10
A731,S022,CS104,2025-11-10
A732,S001,CS104,2025-11-11
A733,S004,CS104,2025-11-11
A734,S015,CS104,2025-11-11
A735,S021,CS104,2025-11-11
A736,S022,CS104,2025-11-11
A737,S001,CS104,2025-11-14
A738,S004,CS104,2025-11-14
A739,S008,CS104,2025-11-14
A740,S022,CS104,2025-11-14
A741,S001,CS104,2025-11-17
A742,S004,CS104,2025-11-17
A743,S015,CS104,2025-11-17
A744,S021,CS104,2025-11-17
A745,S022,CS104,2025-11-17
A746,S001,CS104,2025-11-18
A747,S015,CS104,2025-11-18
A748,S021,CS104,2025-11-18
A749,S022,CS104,2025-11-18
A750,S001,CS104,2025-11-20
A751,S004,CS104,2025-11-20
A752,S008,CS104,2025-11-20
A753,S015,CS104,2025-11-20
A754,S021,CS104,2025-11-20
A755,S022,CS104,2025-11-20
A756,S001,CS104,2025-11-21
A757,S008,CS104,2025-11-21
A758,S015,CS104,2025-11-21
A759,S021,CS104,2025-11-21
A760,S022,CS104,2025-11-21
A761,S001,CS104,2025-11-24
A762,S004,CS104,2025-11-24
A763,S015,CS104,2025-11-24
A764,S001,CS104,2025-11-26
A765,S004,CS104,2025-11-26
A766,S008,CS104,2025-11-26
A767,S015,CS104,2025-11-26
A768,S021,CS104,2025-11-26
A769,S022,CS104,2025-11-26
A770,S001,CS104,2025-11-27
A771,S004,CS104,2025-11-27
A772,S008,CS104,2025-11-27
A773,S015,CS104,2025-11-27
A774,S022,CS104,2025-11-27
A775,S001,CS104,2025-12-01
A776,S004,CS104,2025-12-01
A777,S008,CS104,2025-12-01
A778,S015,CS104,2025-12-01
A779,S004,CS104,2025-12-02
A780,S008,CS104,2025-12-02
A781,S022,CS104,2025-12-02
A782,S001,CS104,2025-12-03
A783,S021,CS104,2025-12-03
A784,S022,CS104,2025-12-03
A785,S001,CS104,2025-12-04
A786,S004,CS104,2025-12-04
A787,S008,CS104,2025-12-04
A788,S015,CS104,2025-12-04
A789,S021,CS104,2025-12-04
A790,S022,CS104,2025-12-04
A791,S001,CS104,2025-12-05
A792,S015,CS104,2025-12-05
A793,S021,CS104,2025-12-05
A794,S001,CS104,2025-12-08
A795,S004,CS104,2025-12-08
A796,S015,CS104,2025-12-08
A797,S022,CS104,2025-12-08
A798,S004,CS104,2025-12-09
A799,S008,CS104,2025-12-09
A800,S015,CS104,2025-12-09
A801,S021,CS104,2025-12-09
A802,S022,CS104,2025-12-09
A803,S004,CS104,2025-12-10
A804,S008,CS104,2025-12-10
A805,S015,CS104,2025-12-10
A806,S021,CS104,2025-12-10
A807,S022,CS104,2025-12-10
A808,S004,CS104,2025-12-11
A809,S008,CS104,2025-12-11
A810,S015,CS104,2025-12-11
A811,S021,CS104,2025-12-11
A812,S004,CS104,2025-12-15
A813,S008,CS104,2025-12-15
A814,S015,CS104,2025-12-15
A815,S021,CS104,2025-12-15
A816,S001,CS104,2025-12-16
A817,S004,CS104,2025-12-16
A818,S015,CS104,2025-12-16
A819,S021,CS104,2025-12-16
A820,S022,CS104,2025-12-16
A821,S001,CS104,2025-12-17
A822,S004,CS104,2025-12-17
A823,S015,CS104,2025-12-17
A824,S022,CS104,2025-12-17
A825,S008,CS104,2025-12-18
A826,S015,CS104,2025-12-18
A827,S021,CS104,2025-12-18
A828,S022,CS104,2025-12-18
A829,S001,CS104,2025-12-19
A830,S004,CS104,2025-12-19
A831,S008,CS104,2025-12-19
A832,S015,CS104,2025-12-19
A833,S021,CS104,2025-12-19
A834,S001,CS104,2025-12-23
A835,S008,CS104,2025-12-23
A836,S015,CS104,2025-12-23
A837,S021,CS104,2025-12-23
A838,S022,CS104,2025-12-23
A839,S001,CS104,2025-12-24
A840,S004,CS104,2025-12-24
A841,S008,CS104,2025-12-24
A842,S015,CS104,2025-12-24
A843,S022,CS104,2025-12-24
A844,S007,CS105,2025-10-27
A845,S009,CS105,2025-10-27
A846,S010,CS105,2025-10-27
A847,S017,CS105,2025-10-27
A848,S019,CS105,2025-10-27
A849,S002,CS105,2025-10-28
A850,S007,CS105,2025-10-28
A851,S008,CS105,2025-10-28
A852,S009,CS105,2025-10-28
A853,S012,CS105,2025-10-28
A854,S017,CS105,2025-10-28
A855,S019,CS105,2025-10-28
A856,S001,CS105,2025-10-29
A857,S007,CS105,2025-10-29
A858,S008,CS105,2025-10-29
A859,S012,CS105,2025-10-29
A860,S016,CS105,2025-10-29
A861,S017,CS105,2025-10-29
A862,S001,CS105,2025-10-30
A863,S007,CS105,2025-10-30
A864,S008,CS105,2025-10-30
A865,S009,CS105,2025-10-30
A866,S012,CS105,2025-10-30
A867,S016,CS105,2025-10-30
A868,S019,CS105,2025-10-30
A869,S001,CS105,2025-10-31
A870,S002,CS105,2025-10-31
A871,S007,CS105,2025-10-31
A872,S009,CS105,2025-10-31
A873,S010,CS105,2025-10-31
A874,S012,CS105,2025-10-31
A875,S016,CS105,2025-10-31
A876,S017,CS105,2025-10-31
A877,S001,CS105,2025-11-03
A878,S009,CS105,2025-11-03
A879,S010,CS105,2025-11-03
A880,S016,CS105,2025-11-03
A881,S019,CS105,2025-11-03
A882,S001,CS105,2025-11-04
A883,S002,CS105,2025-11-04
A884,S009,CS105,2025-11-04
A885,S010,CS105,2025-11-04
A886,S012,CS105,2025-11-04
A887,S016,CS105,2025-11-04
A888,S017,CS105,2025-11-04
A889,S019,CS105,2025-11-04
A890,S002,CS105,2025-11-05
A891,S007,CS105,2025-11-05
A892,S008,CS105,2025-11-05
A893,S009,CS105,2025-11-05
A894,S010,CS105,2025-11-05
A895,S012,CS105,2025-11-05
A896,S016,CS105,2025-11-05
A897,S017,CS105,2025-11-05
A898,S001,CS105,2025-11-07
A899,S002,CS105,2025-11-07
A900,S007,CS105,2025-11-07
A901,S009,CS105,2025-11-07
A902,S010,CS105,2025-11-07
A903,S012,CS105,2025-11-07
A904,S017,CS105,2025-11-07
A905,S019,CS105,2025-11-07
A906,S001,CS105,2025-11-10
A907,S002,CS105,2025-11-10
A908,S007,CS105,2025-11-10
A909,S008,CS105,2025-11-10
A910,S012,CS105,2025-11-10
A911,S016,CS105,2025-11-10
A912,S019,CS105,2025-11-10
A913,S001,CS105,2025-11-13
A914,S002,CS105,2025-11-13
A915,S008,CS105,2025-11-13
A916,S010,CS105,2025-11-13
A917,S016,CS105,2025-11-13
A918,S017,CS105,2025-11-13
A919,S019,CS105,2025-11-13
A920,S001,CS105,2025-11-17
A921,S002,CS105,2025-11-17
A922,S007,CS105,2025-11-17
A923,S008,CS105,2025-11-17
A924,S009,CS105,2025-11-17
A925,S012,CS105,2025-11-17
A926,S016,CS105,2025-11-17
A927,S017,CS105,2025-11-17
A928,S019,CS105,2025-11-17
A929,S001,CS105,2025-11-18
A930,S002,CS105,2025-11-18
A931,S007,CS105,2025-11-18
A932,S008,CS105,2025-11-18
A933,S010,CS105,2025-11-18
A934,S017,CS105,2025-11-18
A935,S019,CS105,2025-11-18
A936,S007,CS105,2025-11-19
A937,S008,CS105,2025-11-19
A938,S010,CS105,2025-11-19
A939,S012,CS105,2025-11-19
A940,S017,CS105,2025-11-19
A941,S019,CS105,2025-11-19
A942,S001,CS105,2025-11-20
A943,S007,CS105,2025-11-20
A944,S008,CS105,2025-11-20
A945,S009,CS105,2025-11-20
A946,S010,CS105,2025-11-20
A947,S016,CS105,2025-11-20
A948,S017,CS105,2025-11-20
A949,S019,CS105,2025-11-20
A950,S001,CS105,2025-11-24
A951,S002,CS105,2025-11-24
A952,S007,CS105,2025-11-24
A953,S008,CS105,2025-11-24
A954,S010,CS105,2025-11-24
A955,S017,CS105,2025-11-24
A956,S019,CS105,2025-11-24
A957,S001,CS105,2025-11-26
A958,S002,CS105,2025-11-26
A959,S007,CS105,2025-11-26
A960,S008,CS105,2025-11-26
A961,S009,CS105,2025-11-26
A962,S010,CS105,2025-11-26
A963,S012,CS105,2025-11-26
A964,S017,CS105,2025-11-26
A965,S001,CS105,2025-11-27
A966,S002,CS105,2025-11-27
A967,S007,CS105,2025-11-27
A968,S008,CS105,2025-11-27
A969,S009,CS105,2025-11-27
A970,S010,CS105,2025-11-27
A971,S012,CS105,2025-11-27
A972,S017,CS105,2025-11-27
A973,S019,CS105,2025-11-27
A974,S001,CS105,2025-12-01
A975,S002,CS105,2025-12-01
A976,S007,CS105,2025-12-01
A977,S009,CS105,2025-12-01
A978,S012,CS105,2025-12-01
A979,S016,CS105,2025-12-01
A980,S017,CS105,2025-12-01
A981,S019,CS105,2025-12-01
A982,S002,CS105,2025-12-03
A983,S007,CS105,2025-12-03
A984,S008,CS105,2025-12-03
A985,S009,CS105,2025-12-03
A986,S010,CS105,2025-12-03
A987,S012,CS105,2025-12-03
A988,S016,CS105,2025-12-03
A989,S001,CS105,2025-12-04
A990,S007,CS105,2025-12-04
A991,S009,CS105,2025-12-04
A992,S010,CS105,2025-12-04
A993,S012,CS105,2025-12-04
A994,S016,CS105,2025-12-04
A995,S017,CS105,2025-12-04
A996,S001,CS105,2025-12-05
A997,S002,CS105,2025-12-05
A998,S008,CS105,2025-12-05
A999,S009,CS105,2025-12-05
A1000,S012,CS105,2025-12-05
A1001,S016,CS105,2025-12-05
A1002,S001,CS105,2025-12-08
A1003,S002,CS105,2025-12-08
A1004,S007,CS105,2025-12-08
A1005,S008,CS105,2025-12-08
A1006,S010,CS105,2025-12-08
A1007,S019,CS105,2025-12-08
A1008,S001,CS105,2025-12-10
A1009,S002,CS105,2025-12-10
A1010,S007,CS105,2025-12-10
A1011,S008,CS105,2025-12-10
A1012,S009,CS105,2025-12-10
A1013,S010,CS105,2025-12-10
A1014,S012,CS105,2025-12-10
A1015,S016,CS105,2025-12-10
A1016,S017,CS105,2025-12-10
A1017,S019,CS105,2025-12-10
A1018,S001,CS105,2025-12-11
A1019,S002,CS105,2025-12-11
A1020,S007,CS105,2025-12-11
A1021,S009,CS105,2025-12-11
A1022,S016,CS105,2025-12-11
A1023,S017,CS105,2025-12-11
A1024,S019,CS105,2025-12-11
A1025,S002,CS105,2025-12-12
A1026,S007,CS105,2025-12-12
A1027,S008,CS105,2025-12-12
A1028,S010,CS105,2025-12-12
A1029,S012,CS105,2025-12-12
A1030,S016,CS105,2025-12-12
A1031,S017,CS105,2025-12-12
A1032,S019,CS105,2025-12-12
A1033,S007,CS105,2025-12-15
A1034,S008,CS105,2025-12-15
A1035,S009,CS105,2025-12-15
A1036,S010,CS105,2025-12-15
A1037,S012,CS105,2025-12-15
A1038,S016,CS105,2025-12-15
A1039,S017,CS105,2025-12-15
A1040,S019,CS105,2025-12-15
A1041,S001,CS105,2025-12-16
A1042,S008,CS105,2025-12-16
A1043,S009,CS105,2025-12-16
A1044,S010,CS105,2025-12-16
A1045,S012,CS105,2025-12-16
A1046,S016,CS105,2025-12-16
A1047,S017,CS105,2025-12-16
A1048,S019,CS105,2025-12-16
A1049,S002,CS105,2025-12-17
A1050,S007,CS105,2025-12-17
A1051,S008,CS105,2025-12-17
A1052,S012,CS105,2025-12-17
A1053,S016,CS105,2025-12-17
A1054,S017,CS105,2025-12-17
A1055,S019,CS105,2025-12-17
A1056,S001,CS105,2025-12-19
A1057,S002,CS105,2025-12-19
A1058,S007,CS105,2025-12-19
A1059,S008,CS105,2025-12-19
A1060,S009,CS105,2025-12-19
A1061,S010,CS105,2025-12-19
A1062,S012,CS105,2025-12-19
A1063,S016,CS105,2025-12-19
A1064,S017,CS105,2025-12-19
A1065,S019,CS105,2025-12-19
A1066,S001,CS105,2025-12-22
A1067,S007,CS105,2025-12-22
A1068,S008,CS105,2025-12-22
A1069,S009,CS105,2025-12-22
A1070,S010,CS105,2025-12-22
A1071,S016,CS105,2025-12-22
A1072,S017,CS105,2025-12-22
A1073,S019,CS105,2025-12-22
A1074,S001,CS105,2025-12-23
A1075,S002,CS105,2025-12-23
A1076,S007,CS105,2025-12-23
A1077,S008,CS105,2025-12-23
A1078,S010,CS105,2025-12-23
A1079,S012,CS105,2025-12-23
A1080,S016,CS105,2025-12-23
A1081,S017,CS105,2025-12-23
A1082,S019,CS105,2025-12-23
A1083,S001,CS105,2025-12-24
A1084,S002,CS105,2025-12-24
A1085,S007,CS105,2025-12-24
A1086,S009,CS105,2025-12-24
A1087,S010,CS105,2025-12-24
A1088,S012,CS105,2025-12-24
A1089,S016,CS105,2025-12-24
A1090,S017,CS105,2025-12-24
A1091,S019,CS105,2025-12-24
A1092,S001,CS106,2025-10-27
A1093,S007,CS106,2025-10-27
A1094,S008,CS106,2025-10-27
A1095,S010,CS106,2025-10-27
A1096,S012,CS106,2025-10-27
A1097,S001,CS106,2025-10-28
A1098,S005,CS106,2025-10-28
A1099,S008,CS106,2025-10-28
A1100,S010,CS106,2025-10-28
A1101,S012,CS106,2025-10-28
A1102,S013,CS106,2025-10-28
A1103,S019,CS106,2025-10-28
A1104,S021,CS106,2025-10-28
A1105,S001,CS106,2025-10-29
A1106,S007,CS106,2025-10-29
A1107,S008,CS106,2025-10-29
A1108,S010,CS106,2025-10-29
A1109,S012,CS106,2025-10-29
A1110,S013,CS106,2025-10-29
A1111,S019,CS106,2025-10-29
A1112,S021,CS106,2025-10-29
A1113,S007,CS106,2025-10-30
A1114,S010,CS106,2025-10-30
A1115,S012,CS106,2025-10-30
A1116,S013,CS106,2025-10-30
A1117,S019,CS106,2025-10-30
A1118,S021,CS106,2025-10-30
A1119,S001,CS106,2025-10-31
A1120,S005,CS106,2025-10-31
A1121,S007,CS106,2025-10-31
A1122,S008,CS106,2025-10-31
A1123,S012,CS106,2025-10-31
A1124,S013,CS106,2025-10-31
A1125,S019,CS106,2025-10-31
A1126,S021,CS106,2025-10-31
A1127,S001,CS106,2025-11-03
A1128,S005,CS106,2025-11-03
A1129,S007,CS106,2025-11-03
A1130,S008,CS106,2025-11-03
A1131,S019,CS106,2025-11-03
A1132,S021,CS106,2025-11-03
A1133,S007,CS106,2025-11-04
A1134,S008,CS106,2025-11-04
A1135,S010,CS106,2025-11-04
A1136,S012,CS106,2025-11-04
A1137,S019,CS106,2025-11-04
A1138,S021,CS106,2025-11-04
A1139,S001,CS106,2025-11-05
A1140,S005,CS106,2025-11-05
A1141,S007,CS106,2025-11-05
A1142,S008,CS106,2025-11-05
A1143,S010,CS106,2025-11-05
A1144,S012,CS106,2025-11-05
A1145,S013,CS106,2025-11-05
A1146,S019,CS106,2025-11-05
A1147,S021,CS106,2025-11-05
A1148,S008,CS106,2025-11-06
A1149,S012,CS106,2025-11-06
A1150,S013,CS106,2025-11-06
A1151,S019,CS106,2025-11-06
A1152,S001,CS106,2025-11-07
A1153,S005,CS106,2025-11-07
A1154,S007,CS106,2025-11-07
A1155,S008,CS106,2025-11-07
A1156,S010,CS106,2025-11-07
A1157,S012,CS106,2025-11-07
A1158,S013,CS106,2025-11-07
A1159,S019,CS106,2025-11-07
A1160,S021,CS106,2025-11-07
A1161,S001,CS106,2025-11-10
A1162,S005,CS106,2025-11-10
A1163,S008,CS106,2025-11-10
A1164,S012,CS106,2025-11-10
A1165,S013,CS106,2025-11-10
A1166,S001,CS106,2025-11-11
A1167,S007,CS106,2025-11-11
A1168,S010,CS106,2025-11-11
A1169,S012,CS106,2025-11-11
A1170,S013,CS106,2025-11-11
A1171,S019,CS106,2025-11-11
A1172,S021,CS106,2025-11-11
A1173,S001,CS106,2025-11-12
A1174,S010,CS106,2025-11-12
A1175,S012,CS106,2025-11-12
A1176,S013,CS106,2025-11-12
A1177,S019,CS106,2025-11-12
A1178,S010,CS106,2025-11-13
A1179,S012,CS106,2025-11-13
A1180,S013,CS106,2025-11-13
A1181,S019,CS106,2025-11-13
A1182,S021,CS106,2025-11-13
A1183,S005,CS106,2025-11-14
A1184,S007,CS106,2025-11-14
A1185,S008,CS106,2025-11-14
A1186,S010,CS106,2025-11-14
A1187,S013,CS106,2025-11-14
A1188,S019,CS106,2025-11-14
A1189,S021,CS106,2025-11-14
A1190,S001,CS106,2025-11-17
A1191,S005,CS106,2025-11-17
A1192,S007,CS106,2025-11-17
A1193,S008,CS106,2025-11-17
A1194,S010,CS106,2025-11-17
A1195,S013,CS106,2025-11-17
A1196,S019,CS106,2025-11-17
A1197,S021,CS106,2025-11-17
A1198,S001,CS106,2025-11-18
A1199,S005,CS106,2025-11-18
A1200,S007,CS106,2025-11-18
A1201,S008,CS106,2025-11-18
A1202,S010,CS106,2025-11-18
A1203,S012,CS106,2025-11-18
A1204,S021,CS106,2025-11-18
A1205,S001,CS106,2025-11-19
A1206,S005,CS106,2025-11-19
A1207,S007,CS106,2025-11-19
A1208,S008,CS106,2025-11-19
A1209,S013,CS106,2025-11-19
A1210,S019,CS106,2025-11-19
A1211,S021,CS106,2025-11-19
A1212,S001,CS106,2025-11-20
A1213,S005,CS106,2025-11-20
A1214,S007,CS106,2025-11-20
A1215,S010,CS106,2025-11-20
A1216,S013,CS106,2025-11-20
A1217,S001,CS106,2025-11-21
A1218,S005,CS106,2025-11-21
A1219,S007,CS106,2025-11-21
A1220,S010,CS106,2025-11-21
A1221,S012,CS106,2025-11-21
A1222,S013,CS106,2025-11-21
A1223,S019,CS106,2025-11-21
A1224,S021,CS106,2025-11-21
A1225,S001,CS106,2025-11-24
A1226,S005,CS106,2025-11-24
A1227,S008,CS106,2025-11-24
A1228,S010,CS106,2025-11-24
A1229,S012,CS106,2025-11-24
A1230,S019,CS106,2025-11-24
A1231,S021,CS106,2025-11-24
A1232,S005,CS106,2025-11-25
A1233,S008,CS106,2025-11-25
A1234,S010,CS106,2025-11-25
A1235,S012,CS106,2025-11-25
A1236,S019,CS106,2025-11-25
A1237,S021,CS106,2025-11-25
A1238,S001,CS106,2025-11-26
A1239,S005,CS106,2025-11-26
A1240,S007,CS106,2025-11-26
A1241,S008,CS106,2025-11-26
A1242,S010,CS106,2025-11-26
A1243,S012,CS106,2025-11-26
A1244,S013,CS106,2025-11-26
A1245,S021,CS106,2025-11-26
A1246,S001,CS106,2025-11-27
A1247,S005,CS106,2025-11-27
A1248,S007,CS106,2025-11-27
A1249,S008,CS106,2025-11-27
A1250,S010,CS106,2025-11-27
A1251,S012,CS106,2025-11-27
A1252,S013,CS106,2025-11-27
A1253,S019,CS106,2025-11-27
A1254,S021,CS106,2025-11-27
A1255,S001,CS106,2025-11-28
A1256,S005,CS106,2025-11-28
A1257,S007,CS106,2025-11-28
A1258,S012,CS106,2025-11-28
A1259,S019,CS106,2025-11-28
A1260,S001,CS106,2025-12-01
A1261,S007,CS106,2025-12-01
A1262,S010,CS106,2025-12-01
A1263,S012,CS106,2025-12-01
A1264,S019,CS106,2025-12-01
A1265,S021,CS106,2025-12-01
A1266,S001,CS106,2025-12-02
A1267,S007,CS106,2025-12-02
A1268,S010,CS106,2025-12-02
A1269,S012,CS106,2025-12-02
A1270,S013,CS106,2025-12-02
A1271,S019,CS106,2025-12-02
A1272,S005,CS106,2025-12-03
A1273,S007,CS106,2025-12-03
A1274,S008,CS106,2025-12-03
A1275,S010,CS106,2025-12-03
A1276,S019,CS106,2025-12-03
A1277,S021,CS106,2025-12-03
A1278,S005,CS106,2025-12-04
A1279,S007,CS106,2025-12-04
A1280,S008,CS106,2025-12-04
A1281,S010,CS106,2025-12-04
A1282,S012,CS106,2025-12-04
A1283,S013,CS106,2025-12-04
A1284,S021,CS106,2025-12-04
A1285,S001,CS106,2025-12-05
A1286,S005,CS106,2025-12-05
A1287,S007,CS106,2025-12-05
A1288,S010,CS106,2025-12-05
A1289,S013,CS106,2025-12-05
A1290,S021,CS106,2025-12-05
A1291,S001,CS106,2025-12-08
A1292,S007,CS106,2025-12-08
A1293,S008,CS106,2025-12-08
A1294,S010,CS106,2025-12-08
A1295,S012,CS106,2025-12-08
A1296,S013,CS106,2025-12-08
A1297,S021,CS106,2025-12-08
A1298,S001,CS106,2025-12-09
A1299,S005,CS106,2025-12-09
A1300,S007,CS106,2025-12-09
A1301,S008,CS106,2025-12-09
A1302,S010,CS106,2025-12-09
A1303,S012,CS106,2025-12-09
A1304,S013,CS106,2025-12-09
A1305,S019,CS106,2025-12-09
A1306,S021,CS106,2025-12-09
A1307,S001,CS106,2025-12-10
A1308,S007,CS106,2025-12-10
A1309,S012,CS106,2025-12-10
A1310,S019,CS106,2025-12-10
A1311,S021,CS106,2025-12-10
A1312,S001,CS106,2025-12-11
A1313,S007,CS106,2025-12-11
A1314,S008,CS106,2025-12-11
A1315,S010,CS106,2025-12-11
A1316,S012,CS106,2025-12-11
A1317,S013,CS106,2025-12-11
A1318,S019,CS106,2025-12-11
A1319,S021,CS106,2025-12-11
A1320,S001,CS106,2025-12-12
A1321,S005,CS106,2025-12-12
A1322,S007,CS106,2025-12-12
A1323,S008,CS106,2025-12-12
A1324,S010,CS106,2025-12-12
A1325,S012,CS106,2025-12-12
A1326,S013,CS106,2025-12-12
A1327,S019,CS106,2025-12-12
A1328,S021,CS106,2025-12-12
A1329,S001,CS106,2025-12-15
A1330,S005,CS106,2025-12-15
A1331,S008,CS106,2025-12-15
A1332,S013,CS106,2025-12-15
A1333,S019,CS106,2025-12-15
A1334,S021,CS106,2025-12-15
A1335,S001,CS106,2025-12-16
A1336,S005,CS106,2025-12-16
A1337,S007,CS106,2025-12-16
A1338,S008,CS106,2025-12-16
A1339,S012,CS106,2025-12-16
A1340,S019,CS106,2025-12-16
A1341,S021,CS106,2025-12-16
A1342,S001,CS106,2025-12-17
A1343,S005,CS106,2025-12-17
A1344,S008,CS106,2025-12-17
A1345,S010,CS106,2025-12-17
A1346,S012,CS106,2025-12-17
A1347,S013,CS106,2025-12-17
A1348,S021,CS106,2025-12-17
A1349,S005,CS106,2025-12-18
A1350,S007,CS106,2025-12-18
A1351,S008,CS106,2025-12-18
A1352,S010,CS106,2025-12-18
A1353,S012,CS106,2025-12-18
A1354,S013,CS106,2025-12-18
A1355,S021,CS106,2025-12-18
A1356,S001,CS106,2025-12-19
A1357,S007,CS106,2025-12-19
A1358,S008,CS106,2025-12-19
A1359,S010,CS106,2025-12-19
A1360,S012,CS106,2025-12-19
A1361,S013,CS106,2025-12-19
A1362,S019,CS106,2025-12-19
A1363,S001,CS106,2025-12-22
A1364,S005,CS106,2025-12-22
A1365,S007,CS106,2025-12-22
A1366,S010,CS106,2025-12-22
A1367,S013,CS106,2025-12-22
A1368,S019,CS106,2025-12-22
A1369,S001,CS106,2025-12-24
A1370,S007,CS106,2025-12-24
A1371,S013,CS106,2025-12-24
A1372,S019,CS106,2025-12-24
A1373,S021,CS106,2025-12-24
A1374,S007,CS107,2025-10-27
A1375,S011,CS107,2025-10-27
A1376,S004,CS107,2025-10-28
A1377,S011,CS107,2025-10-28
A1378,S004,CS107,2025-10-29
A1379,S011,CS107,2025-10-29
A1380,S004,CS107,2025-10-30
A1381,S007,CS107,2025-10-30
A1382,S011,CS107,2025-10-30
A1383,S024,CS107,2025-10-30
A1384,S007,CS107,2025-10-31
A1385,S011,CS107,2025-10-31
A1386,S007,CS107,2025-11-03
A1387,S011,CS107,2025-11-03
A1388,S024,CS107,2025-11-03
A1389,S007,CS107,2025-11-04
A1390,S011,CS107,2025-11-04
A1391,S024,CS107,2025-11-04
A1392,S024,CS107,2025-11-06
A1393,S011,CS107,2025-11-07
A1394,S024,CS107,2025-11-07
A1395,S004,CS107,2025-11-11
A1396,S007,CS107,2025-11-11
A1397,S011,CS107,2025-11-11
A1398,S024,CS107,2025-11-11
A1399,S004,CS107,2025-11-12
A1400,S007,CS107,2025-11-12
A1401,S024,CS107,2025-11-12
A1402,S004,CS107,2025-11-13
A1403,S007,CS107,2025-11-13
A1404,S011,CS107,2025-11-13
A1405,S007,CS107,2025-11-14
A1406,S024,CS107,2025-11-14
A1407,S004,CS107,2025-11-17
A1408,S007,CS107,2025-11-17
A1409,S011,CS107,2025-11-17
A1410,S024,CS107,2025-11-17
A1411,S004,CS107,2025-11-19
A1412,S007,CS107,2025-11-19
A1413,S024,CS107,2025-11-19
A1414,S004,CS107,2025-11-20
A1415,S007,CS107,2025-11-20
A1416,S011,CS107,2025-11-20
A1417,S024,CS107,2025-11-20
A1418,S007,CS107,2025-11-21
A1419,S024,CS107,2025-11-21
A1420,S004,CS107,2025-11-24
A1421,S007,CS107,2025-11-24
A1422,S011,CS107,2025-11-24
A1423,S024,CS107,2025-11-24
A1424,S004,CS107,2025-11-25
A1425,S007,CS107,2025-11-25
A1426,S011,CS107,2025-11-25
A1427,S024,CS107,2025-11-25
A1428,S007,CS107,2025-11-26
A1429,S011,CS107,2025-11-26
A1430,S024,CS107,2025-11-26
A1431,S004,CS107,2025-11-27
A1432,S007,CS107,2025-11-27
A1433,S011,CS107,2025-11-27
A1434,S024,CS107,2025-11-27
A1435,S004,CS107,2025-12-02
A1436,S011,CS107,2025-12-02
A1437,S024,CS107,2025-12-02
A1438,S007,CS107,2025-12-03
A1439,S024,CS107,2025-12-03
A1440,S007,CS107,2025-12-04
A1441,S011,CS107,2025-12-04
A1442,S024,CS107,2025-12-04
A1443,S004,CS107,2025-12-05
A1444,S007,CS107,2025-12-05
A1445,S011,CS107,2025-12-05
A1446,S024,CS107,2025-12-05
A1447,S004,CS107,2025-12-08
A1448,S007,CS107,2025-12-08
A1449,S011,CS107,2025-12-08
A1450,S004,CS107,2025-12-09
A1451,S007,CS107,2025-12-09
A1452,S007,CS107,2025-12-10
A1453,S011,CS107,2025-12-10
A1454,S024,CS107,2025-12-10
A1455,S004,CS107,2025-12-11
A1456,S007,CS107,2025-12-11
A1457,S011,CS107,2025-12-11
A1458,S024,CS107,2025-12-11
A1459,S004,CS107,2025-12-12
A1460,S024,CS107,2025-12-12
A1461,S011,CS107,2025-12-15
A1462,S024,CS107,2025-12-15
A1463,S024,CS107,2025-12-16
A1464,S007,CS107,2025-12-17
A1465,S011,CS107,2025-12-17
A1466,S004,CS107,2025-12-18
A1467,S007,CS107,2025-12-18
A1468,S011,CS107,2025-12-18
A1469,S024,CS107,2025-12-18
A1470,S004,CS107,2025-12-19
A1471,S007,CS107,2025-12-19
A1472,S011,CS107,2025-12-19
A1473,S024,CS107,2025-12-19
A1474,S004,CS107,2025-12-23
A1475,S007,CS107,2025-12-23
A1476,S011,CS107,2025-12-23
A1477,S024,CS107,2025-12-23
A1478,S004,CS107,2025-12-24
A1479,S007,CS107,2025-12-24
A1480,S011,CS107,2025-12-24
A1481,S024,CS107,2025-12-24
A1482,S005,CS108,2025-10-27
A1483,S007,CS108,2025-10-27
A1484,S013,CS108,2025-10-27
A1485,S016,CS108,2025-10-27
A1486,S020,CS108,2025-10-27
A1487,S023,CS108,2025-10-27
A1488,S002,CS108,2025-10-28
A1489,S005,CS108,2025-10-28
A1490,S007,CS108,2025-10-28
A1491,S013,CS108,2025-10-28
A1492,S016,CS108,2025-10-28
A1493,S018,CS108,2025-10-28
A1494,S023,CS108,2025-10-28
A1495,S002,CS108,2025-10-29
A1496,S004,CS108,2025-10-29
A1497,S013,CS108,2025-10-29
A1498,S018,CS108,2025-10-29
A1499,S020,CS108,2025-10-29
A1500,S022,CS108,2025-10-29
A1501,S023,CS108,2025-10-29
A1502,S004,CS108,2025-10-30
A1503,S005,CS108,2025-10-30
A1504,S007,CS108,2025-10-30
A1505,S013,CS108,2025-10-30
A1506,S018,CS108,2025-10-30
A1507,S022,CS108,2025-10-30
A1508,S002,CS108,2025-10-31
A1509,S004,CS108,2025-10-31
A1510,S005,CS108,2025-10-31
A1511,S007,CS108,2025-10-31
A1512,S018,CS108,2025-10-31
A1513,S020,CS108,2025-10-31
A1514,S002,CS108,2025-11-03
A1515,S005,CS108,2025-11-03
A1516,S007,CS108,2025-11-03
A1517,S013,CS108,2025-11-03
A1518,S016,CS108,2025-11-03
A1519,S018,CS108,2025-11-03
A1520,S020,CS108,2025-11-03
A1521,S022,CS108,2025-11-03
A1522,S023,CS108,2025-11-03
A1523,S002,CS108,2025-11-05
A1524,S004,CS108,2025-11-05
A1525,S005,CS108,2025-11-05
A1526,S013,CS108,2025-11-05
A1527,S016,CS108,2025-11-05
A1528,S018,CS108,2025-11-05
A1529,S020,CS108,2025-11-05
A1530,S022,CS108,2025-11-05
A1531,S023,CS108,2025-11-05
A1532,S002,CS108,2025-11-06
A1533,S004,CS108,2025-11-06
A1534,S005,CS108,2025-11-06
A1535,S007,CS108,2025-11-06
A1536,S013,CS108,2025-11-06
A1537,S016,CS108,2025-11-06
A1538,S018,CS108,2025-11-06
A1539,S020,CS108,2025-11-06
A1540,S022,CS108,2025-11-06
A1541,S023,CS108,2025-11-06
A1542,S002,CS108,2025-11-10
A1543,S005,CS108,2025-11-10
A1544,S007,CS108,2025-11-10
A1545,S013,CS108,2025-11-10
A1546,S016,CS108,2025-11-10
A1547,S020,CS108,2025-11-10
A1548,S022,CS108,2025-11-10
A1549,S023,CS108,2025-11-10
A1550,S002,CS108,2025-11-11
A1551,S004,CS108,2025-11-11
A1552,S007,CS108,2025-11-11
A1553,S013,CS108,2025-11-11
A1554,S016,CS108,2025-11-11
A1555,S020,CS108,2025-11-11
A1556,S022,CS108,2025-11-11
A1557,S002,CS108,2025-11-12
A1558,S004,CS108,2025-11-12
A1559,S007,CS108,2025-11-12
A1560,S016,CS108,2025-11-12
A1561,S018,CS108,2025-11-12
A1562,S020,CS108,2025-11-12
A1563,S022,CS108,2025-11-12
A1564,S023,CS108,2025-11-12
A1565,S002,CS108,2025-11-13
A1566,S004,CS108,2025-11-13
A1567,S005,CS108,2025-11-13
A1568,S007,CS108,2025-11-13
A1569,S016,CS108,2025-11-13
A1570,S018,CS108,2025-11-13
A1571,S020,CS108,2025-11-13
A1572,S022,CS108,2025-11-13
A1573,S023,CS108,2025-11-13
A1574,S002,CS108,2025-11-17
A1575,S004,CS108,2025-11-17
A1576,S005,CS108,2025-11-17
A1577,S007,CS108,2025-11-17
A1578,S013,CS108,2025-11-17
A1579,S016,CS108,2025-11-17
A1580,S018,CS108,2025-11-17
A1581,S020,CS108,2025-11-17
A1582,S022,CS108,2025-11-17
A1583,S023,CS108,2025-11-17
A1584,S004,CS108,2025-11-18
A1585,S005,CS108,2025-11-18
A1586,S013,CS108,2025-11-18
A1587,S016,CS108,2025-11-18
A1588,S022,CS108,2025-11-18
A1589,S023,CS108,2025-11-18
A1590,S002,CS108,2025-11-19
A1591,S004,CS108,2025-11-19
A1592,S005,CS108,2025-11-19
A1593,S007,CS108,2025-11-19
A1594,S013,CS108,2025-11-19
A1595,S016,CS108,2025-11-19
A1596,S018,CS108,2025-11-19
A1597,S020,CS108,2025-11-19
A1598,S022,CS108,2025-11-19
A1599,S023,CS108,2025-11-19
A1600,S002,CS108,2025-11-20
A1601,S004,CS108,2025-11-20
A1602,S005,CS108,2025-11-20
A1603,S007,CS108,2025-11-20
A1604,S013,CS108,2025-11-20
A1605,S016,CS108,2025-11-20
A1606,S018,CS108,2025-11-20
A1607,S020,CS108,2025-11-20
A1608,S022,CS108,2025-11-20
A1609,S013,CS108,2025-11-21
A1610,S016,CS108,2025-11-21
A1611,S018,CS108,2025-11-21
A1612,S020,CS108,2025-11-21
A1613,S022,CS108,2025-11-21
A1614,S023,CS108,2025-11-21
A1615,S004,CS108,2025-11-24
A1616,S005,CS108,2025-11-24
A1617,S007,CS108,2025-11-24
A1618,S013,CS108,2025-11-24
A1619,S016,CS108,2025-11-24
A1620,S018,CS108,2025-11-24
A1621,S020,CS108,2025-11-24
A1622,S023,CS108,2025-11-24
A1623,S004,CS108,2025-11-25
A1624,S005,CS108,2025-11-25
A1625,S007,CS108,2025-11-25
A1626,S013,CS108,2025-11-25
A1627,S016,CS108,2025-11-25
A1628,S018,CS108,2025-11-25
A1629,S020,CS108,2025-11-25
A1630,S022,CS108,2025-11-25
A1631,S023,CS108,2025-11-25
A1632,S002,CS108,2025-11-26
A1633,S004,CS108,2025-11-26
A1634,S005,CS108,2025-11-26
A1635,S013,CS108,2025-11-26
A1636,S016,CS108,2025-11-26
A1637,S018,CS108,2025-11-26
A1638,S004,CS108,2025-11-27
A1639,S005,CS108,2025-11-27
A1640,S007,CS108,2025-11-27
A1641,S016,CS108,2025-11-27
A1642,S018,CS108,2025-11-27
A1643,S020,CS108,2025-11-27
A1644,S022,CS108,2025-11-27
A1645,S002,CS108,2025-11-28
A1646,S004,CS108,2025-11-28
A1647,S005,CS108,2025-11-28
A1648,S013,CS108,2025-11-28
A1649,S016,CS108,2025-11-28
A1650,S018,CS108,2025-11-28
A1651,S020,CS108,2025-11-28
A1652,S022,CS108,2025-11-28
A1653,S002,CS108,2025-12-01
A1654,S004,CS108,2025-12-01
A1655,S005,CS108,2025-12-01
A1656,S013,CS108,2025-12-01
A1657,S016,CS108,2025-12-01
A1658,S020,CS108,2025-12-01
A1659,S022,CS108,2025-12-01
A1660,S004,CS108,2025-12-02
A1661,S013,CS108,2025-12-02
A1662,S016,CS108,2025-12-02
A1663,S018,CS108,2025-12-02
A1664,S020,CS108,2025-12-02
A1665,S022,CS108,2025-12-02
A1666,S004,CS108,2025-12-03
A1667,S005,CS108,2025-12-03
A1668,S007,CS108,2025-12-03
A1669,S013,CS108,2025-12-03
A1670,S016,CS108,2025-12-03
A1671,S018,CS108,2025-12-03
A1672,S020,CS108,2025-12-03
A1673,S022,CS108,2025-12-03
A1674,S023,CS108,2025-12-03
A1675,S004,CS108,2025-12-04
A1676,S007,CS108,2025-12-04
A1677,S013,CS108,2025-12-04
A1678,S016,CS108,2025-12-04
A1679,S018,CS108,2025-12-04
A1680,S020,CS108,2025-12-04
A1681,S022,CS108,2025-12-04
A1682,S023,CS108,2025-12-04
A1683,S002,CS108,2025-12-08
A1684,S004,CS108,2025-12-08
A1685,S016,CS108,2025-12-08
A1686,S018,CS108,2025-12-08
A1687,S020,CS108,2025-12-08
A1688,S022,CS108,2025-12-08
A1689,S023,CS108,2025-12-08
A1690,S002,CS108,2025-12-09
A1691,S004,CS108,2025-12-09
A1692,S005,CS108,2025-12-09
A1693,S016,CS108,2025-12-09
A1694,S018,CS108,2025-12-09
A1695,S020,CS108,2025-12-09
A1696,S022,CS108,2025-12-09
A1697,S023,CS108,2025-12-09
A1698,S002,CS108,2025-12-10
A1699,S004,CS108,2025-12-10
A1700,S005,CS108,2025-12-10
A1701,S007,CS108,2025-12-10
A1702,S013,CS108,2025-12-10
A1703,S016,CS108,2025-12-10
A1704,S018,CS108,2025-12-10
A1705,S020,CS108,2025-12-10
A1706,S022,CS108,2025-12-10
A1707,S023,CS108,2025-12-10
A1708,S002,CS108,2025-12-11
A1709,S004,CS108,2025-12-11
A1710,S005,CS108,2025-12-11
A1711,S007,CS108,2025-12-11
A1712,S013,CS108,2025-12-11
A1713,S016,CS108,2025-12-11
A1714,S018,CS108,2025-12-11
A1715,S020,CS108,2025-12-11
A1716,S023,CS108,2025-12-11
A1717,S002,CS108,2025-12-12
A1718,S004,CS108,2025-12-12
A1719,S005,CS108,2025-12-12
A1720,S007,CS108,2025-12-12
A1721,S013,CS108,2025-12-12
A1722,S020,CS108,2025-12-12
A1723,S023,CS108,2025-12-12
A1724,S002,CS108,2025-12-16
A1725,S004,CS108,2025-12-16
A1726,S005,CS108,2025-12-16
A1727,S013,CS108,2025-12-16
A1728,S018,CS108,2025-12-16
A1729,S020,CS108,2025-12-16
A1730,S022,CS108,2025-12-16
A1731,S023,CS108,2025-12-16
A1732,S002,CS108,2025-12-17
A1733,S004,CS108,2025-12-17
A1734,S005,CS108,2025-12-17
A1735,S007,CS108,2025-12-17
A1736,S013,CS108,2025-12-17
A1737,S016,CS108,2025-12-17
A1738,S018,CS108,2025-12-17
A1739,S020,CS108,2025-12-17
A1740,S022,CS108,2025-12-17
A1741,S023,CS108,2025-12-17
A1742,S002,CS108,2025-12-18
A1743,S004,CS108,2025-12-18
A1744,S005,CS108,2025-12-18
A1745,S013,CS108,2025-12-18
A1746,S018,CS108,2025-12-18
A1747,S022,CS108,2025-12-18
A1748,S023,CS108,2025-12-18
A1749,S004,CS108,2025-12-19
A1750,S005,CS108,2025-12-19
A1751,S007,CS108,2025-12-19
A1752,S016,CS108,2025-12-19
A1753,S022,CS108,2025-12-19
A1754,S023,CS108,2025-12-19
A1755,S004,CS108,2025-12-22
A1756,S005,CS108,2025-12-22
A1757,S013,CS108,2025-12-22
A1758,S016,CS108,2025-12-22
A1759,S018,CS108,2025-12-22
A1760,S020,CS108,2025-12-22
A1761,S022,CS108,2025-12-22
A1762,S002,CS108,2025-12-23
A1763,S007,CS108,2025-12-23
A1764,S013,CS108,2025-12-23
A1765,S016,CS108,2025-12-23
A1766,S018,CS108,2025-12-23
A1767,S020,CS108,2025-12-23
A1768,S022,CS108,2025-12-23
A1769,S023,CS108,2025-12-23
A1770,S004,CS108,2025-12-24
A1771,S005,CS108,2025-12-24
A1772,S007,CS108,2025-12-24
A1773,S013,CS108,2025-12-24
A1774,S016,CS108,2025-12-24
A1775,S018,CS108,2025-12-24
A1776,S020,CS108,2025-12-24
A1777,S022,CS108,2025-12-24
A1778,S023,CS108,2025-12-24
A1779,S003,CS109,2025-10-28
A1780,S013,CS109,2025-10-28
A1781,S014,CS109,2025-10-28
A1782,S023,CS109,2025-10-28
A1783,S025,CS109,2025-10-28
A1784,S004,CS109,2025-10-29
A1785,S014,CS109,2025-10-29
A1786,S016,CS109,2025-10-29
A1787,S017,CS109,2025-10-29
A1788,S023,CS109,2025-10-29
A1789,S025,CS109,2025-10-29
A1790,S013,CS109,2025-10-30
A1791,S014,CS109,2025-10-30
A1792,S016,CS109,2025-10-30
A1793,S022,CS109,2025-10-30
A1794,S023,CS109,2025-10-30
A1795,S025,CS109,2025-10-30
A1796,S003,CS109,2025-10-31
A1797,S004,CS109,2025-10-31
A1798,S006,CS109,2025-10-31
A1799,S013,CS109,2025-10-31
A1800,S014,CS109,2025-10-31
A1801,S017,CS109,2025-10-31
A1802,S022,CS109,2025-10-31
A1803,S023,CS109,2025-10-31
A1804,S025,CS109,2025-10-31
A1805,S003,CS109,2025-11-04
A1806,S006,CS109,2025-11-04
A1807,S013,CS109,2025-11-04
A1808,S014,CS109,2025-11-04
A1809,S016,CS109,2025-11-04
A1810,S017,CS109,2025-11-04
A1811,S022,CS109,2025-11-04
A1812,S023,CS109,2025-11-04
A1813,S025,CS109,2025-11-04
A1814,S003,CS109,2025-11-05
A1815,S004,CS109,2025-11-05
A1816,S006,CS109,2025-11-05
A1817,S013,CS109,2025-11-05
A1818,S014,CS109,2025-11-05
A1819,S016,CS109,2025-11-05
A1820,S022,CS109,2025-11-05
A1821,S004,CS109,2025-11-06
A1822,S006,CS109,2025-11-06
A1823,S013,CS109,2025-11-06
A1824,S014,CS109,2025-11-06
A1825,S017,CS109,2025-11-06
A1826,S022,CS109,2025-11-06
A1827,S025,CS109,2025-11-06
A1828,S003,CS109,2025-11-07
A1829,S006,CS109,2025-11-07
A1830,S017,CS109,2025-11-07
A1831,S022,CS109,2025-11-07
A1832,S023,CS109,2025-11-07
A1833,S025,CS109,2025-11-07
A1834,S003,CS109,2025-11-10
A1835,S004,CS109,2025-11-10
A1836,S006,CS109,2025-11-10
A1837,S013,CS109,2025-11-10
A1838,S014,CS109,2025-11-10
A1839,S016,CS109,2025-11-10
A1840,S017,CS109,2025-11-10
A1841,S022,CS109,2025-11-10
A1842,S023,CS109,2025-11-10
A1843,S025,CS109,2025-11-10
A1844,S004,CS109,2025-11-11
A1845,S006,CS109,2025-11-11
A1846,S016,CS109,2025-11-11
A1847,S017,CS109,2025-11-11
A1848,S022,CS109,2025-11-11
A1849,S023,CS109,2025-11-11
A1850,S025,CS109,2025-11-11
A1851,S006,CS109,2025-11-12
A1852,S013,CS109,2025-11-12
A1853,S016,CS109,2025-11-12
A1854,S017,CS109,2025-11-12
A1855,S022,CS109,2025-11-12
A1856,S023,CS109,2025-11-12
A1857,S004,CS109,2025-11-13
A1858,S013,CS109,2025-11-13
A1859,S014,CS109,2025-11-13
A1860,S016,CS109,2025-11-13
A1861,S017,CS109,2025-11-13
A1862,S022,CS109,2025-11-13
A1863,S025,CS109,2025-11-13
A1864,S003,CS109,2025-11-14
A1865,S004,CS109,2025-11-14
A1866,S006,CS109,2025-11-14
A1867,S013,CS109,2025-11-14
A1868,S014,CS109,2025-11-14
A1869,S016,CS109,2025-11-14
A1870,S022,CS109,2025-11-14
A1871,S025,CS109,2025-11-14
A1872,S003,CS109,2025-11-17
A1873,S004,CS109,2025-11-17
A1874,S006,CS109,2025-11-17
A1875,S016,CS109,2025-11-17
A1876,S017,CS109,2025-11-17
A1877,S022,CS109,2025-11-17
A1878,S023,CS109,2025-11-17
A1879,S025,CS109,2025-11-17
A1880,S003,CS109,2025-11-18
A1881,S004,CS109,2025-11-18
A1882,S013,CS109,2025-11-18
A1883,S014,CS109,2025-11-18
A1884,S016,CS109,2025-11-18
A1885,S017,CS109,2025-11-18
A1886,S023,CS109,2025-11-18
A1887,S025,CS109,2025-11-18
A1888,S003,CS109,2025-11-19
A1889,S004,CS109,2025-11-19
A1890,S006,CS109,2025-11-19
A1891,S013,CS109,2025-11-19
A1892,S014,CS109,2025-11-19
A1893,S016,CS109,2025-11-19
A1894,S017,CS109,2025-11-19
A1895,S022,CS109,2025-11-19
A1896,S023,CS109,2025-11-19
A1897,S025,CS109,2025-11-19
A1898,S003,CS109,2025-11-20
A1899,S004,CS109,2025-11-20
A1900,S006,CS109,2025-11-20
A1901,S014,CS109,2025-11-20
A1902,S016,CS109,2025-11-20
A1903,S017,CS109,2025-11-20
A1904,S022,CS109,2025-11-20
A1905,S025,CS109,2025-11-20
A1906,S004,CS109,2025-11-21
A1907,S006,CS109,2025-11-21
A1908,S013,CS109,2025-11-21
A1909,S014,CS109,2025-11-21
A1910,S017,CS109,2025-11-21
A1911,S022,CS109,2025-11-21
A1912,S003,CS109,2025-11-24
A1913,S013,CS109,2025-11-24
A1914,S014,CS109,2025-11-24
A1915,S022,CS109,2025-11-24
A1916,S025,CS109,2025-11-24
A1917,S003,CS109,2025-11-25
A1918,S004,CS109,2025-11-25
A1919,S006,CS109,2025-11-25
A1920,S013,CS109,2025-11-25
A1921,S014,CS109,2025-11-25
A1922,S016,CS109,2025-11-25
A1923,S023,CS109,2025-11-25
A1924,S003,CS109,2025-11-26
A1925,S004,CS109,2025-11-26
A1926,S006,CS109,2025-11-26
A1927,S014,CS109,2025-11-26
A1928,S016,CS109,2025-11-26
A1929,S017,CS109,2025-11-26
A1930,S022,CS109,2025-11-26
A1931,S023,CS109,2025-11-26
A1932,S025,CS109,2025-11-26
A1933,S003,CS109,2025-11-27
A1934,S004,CS109,2025-11-27
A1935,S006,CS109,2025-11-27
A1936,S013,CS109,2025-11-27
A1937,S016,CS109,2025-11-27
A1938,S022,CS109,2025-11-27
A1939,S023,CS109,2025-11-27
A1940,S013,CS109,2025-11-28
A1941,S016,CS109,2025-11-28
A1942,S022,CS109,2025-11-28
A1943,S025,CS109,2025-11-28
A1944,S003,CS109,2025-12-01
A1945,S004,CS109,2025-12-01
A1946,S013,CS109,2025-12-01
A1947,S014,CS109,2025-12-01
A1948,S016,CS109,2025-12-01
A1949,S017,CS109,2025-12-01
A1950,S022,CS109,2025-12-01
A1951,S023,CS109,2025-12-01
A1952,S025,CS109,2025-12-01
A1953,S003,CS109,2025-12-02
A1954,S004,CS109,2025-12-02
A1955,S006,CS109,2025-12-02
A1956,S013,CS109,2025-12-02
A1957,S014,CS109,2025-12-02
A1958,S016,CS109,2025-12-02
A1959,S022,CS109,2025-12-02
A1960,S025,CS109,2025-12-02
A1961,S003,CS109,2025-12-03
A1962,S004,CS109,2025-12-03
A1963,S006,CS109,2025-12-03
A1964,S014,CS109,2025-12-03
A1965,S016,CS109,2025-12-03
A1966,S017,CS109,2025-12-03
A1967,S025,CS109,2025-12-03
A1968,S003,CS109,2025-12-04
A1969,S004,CS109,2025-12-04
A1970,S006,CS109,2025-12-04
A1971,S013,CS109,2025-12-04
A1972,S014,CS109,2025-12-04
A1973,S016,CS109,2025-12-04
A1974,S017,CS109,2025-12-04
A1975,S022,CS109,2025-12-04
A1976,S023,CS109,2025-12-04
A1977,S025,CS109,2025-12-04
A1978,S003,CS109,2025-12-08
A1979,S006,CS109,2025-12-08
A1980,S013,CS109,2025-12-08
A1981,S014,CS109,2025-12-08
A1982,S016,CS109,2025-12-08
A1983,S017,CS109,2025-12-08
A1984,S025,CS109,2025-12-08
A1985,S003,CS109,2025-12-09
A1986,S004,CS109,2025-12-09
A1987,S006,CS109,2025-12-09
A1988,S013,CS109,2025-12-09
A1989,S022,CS109,2025-12-09
A1990,S023,CS109,2025-12-09
A1991,S025,CS109,2025-12-09
A1992,S003,CS109,2025-12-10
A1993,S004,CS109,2025-12-10
A1994,S006,CS109,2025-12-10
A1995,S014,CS109,2025-12-10
A1996,S016,CS109,2025-12-10
A1997,S017,CS109,2025-12-10
A1998,S022,CS109,2025-12-10
A1999,S023,CS109,2025-12-10
A2000,S025,CS109,2025-12-10
A2001,S003,CS109,2025-12-12
A2002,S006,CS109,2025-12-12
A2003,S013,CS109,2025-12-12
A2004,S014,CS109,2025-12-12
A2005,S016,CS109,2025-12-12
A2006,S022,CS109,2025-12-12
A2007,S023,CS109,2025-12-12
A2008,S025,CS109,2025-12-12
A2009,S003,CS109,2025-12-15
A2010,S004,CS109,2025-12-15
A2011,S006,CS109,2025-12-15
A2012,S013,CS109,2025-12-15
A2013,S014,CS109,2025-12-15
A2014,S016,CS109,2025-12-15
A2015,S017,CS109,2025-12-15
A2016,S022,CS109,2025-12-15
A2017,S023,CS109,2025-12-15
A2018,S004,CS109,2025-12-16
A2019,S013,CS109,2025-12-16
A2020,S014,CS109,2025-12-16
A2021,S016,CS109,2025-12-16
A2022,S023,CS109,2025-12-16
A2023,S025,CS109,2025-12-16
A2024,S004,CS109,2025-12-17
A2025,S006,CS109,2025-12-17
A2026,S013,CS109,2025-12-17
A2027,S014,CS109,2025-12-17
A2028,S022,CS109,2025-12-17
A2029,S025,CS109,2025-12-17
A2030,S003,CS109,2025-12-19
A2031,S004,CS109,2025-12-19
A2032,S013,CS109,2025-12-19
A2033,S014,CS109,2025-12-19
A2034,S016,CS109,2025-12-19
A2035,S022,CS109,2025-12-19
A2036,S023,CS109,2025-12-19
A2037,S003,CS109,2025-12-22
A2038,S006,CS109,2025-12-22
A2039,S013,CS109,2025-12-22
A2040,S016,CS109,2025-12-22
A2041,S017,CS109,2025-12-22
A2042,S022,CS109,2025-12-22
A2043,S023,CS109,2025-12-22
A2044,S025,CS109,2025-12-22
A2045,S003,CS109,2025-12-23
A2046,S013,CS109,2025-12-23
A2047,S016,CS109,2025-12-23
A2048,S017,CS109,2025-12-23
A2049,S022,CS109,2025-12-23
A2050,S023,CS109,2025-12-23
A2051,S025,CS109,2025-12-23
A2052,S003,CS109,2025-12-24
A2053,S004,CS109,2025-12-24
A2054,S006,CS109,2025-12-24
A2055,S013,CS109,2025-12-24
A2056,S016,CS109,2025-12-24
A2057,S017,CS109,2025-12-24
A2058,S022,CS109,2025-12-24
A2059,S023,CS109,2025-12-24
A2060,S003,CS110,2025-10-27
A2061,S005,CS110,2025-10-27
A2062,S009,CS110,2025-10-27
A2063,S012,CS110,2025-10-27
A2064,S014,CS110,2025-10-27
A2065,S015,CS110,2025-10-27
A2066,S017,CS110,2025-10-27
A2067,S018,CS110,2025-10-27
A2068,S019,CS110,2025-10-27
A2069,S024,CS110,2025-10-27
A2070,S003,CS110,2025-10-28
A2071,S005,CS110,2025-10-28
A2072,S009,CS110,2025-10-28
A2073,S012,CS110,2025-10-28
A2074,S013,CS110,2025-10-28
A2075,S014,CS110,2025-10-28
A2076,S017,CS110,2025-10-28
A2077,S019,CS110,2025-10-28
A2078,S024,CS110,2025-10-28
A2079,S025,CS110,2025-10-28
A2080,S003,CS110,2025-10-30
A2081,S005,CS110,2025-10-30
A2082,S009,CS110,2025-10-30
A2083,S012,CS110,2025-10-30
A2084,S013,CS110,2025-10-30
A2085,S014,CS110,2025-10-30
A2086,S015,CS110,2025-10-30
A2087,S017,CS110,2025-10-30
A2088,S018,CS110,2025-10-30
A2089,S019,CS110,2025-10-30
A2090,S025,CS110,2025-10-30
A2091,S005,CS110,2025-10-31
A2092,S012,CS110,2025-10-31
A2093,S013,CS110,2025-10-31
A2094,S015,CS110,2025-10-31
A2095,S017,CS110,2025-10-31
A2096,S018,CS110,2025-10-31
A2097,S019,CS110,2025-10-31
A2098,S024,CS110,2025-10-31
A2099,S025,CS110,2025-10-31
A2100,S003,CS110,2025-11-04
A2101,S005,CS110,2025-11-04
A2102,S009,CS110,2025-11-04
A2103,S012,CS110,2025-11-04
A2104,S013,CS110,2025-11-04
A2105,S014,CS110,2025-11-04
A2106,S025,CS110,2025-11-04
A2107,S005,CS110,2025-11-05
A2108,S009,CS110,2025-11-05
A2109,S012,CS110,2025-11-05
A2110,S013,CS110,2025-11-05
A2111,S014,CS110,2025-11-05
A2112,S017,CS110,2025-11-05
A2113,S018,CS110,2025-11-05
A2114,S019,CS110,2025-11-05
A2115,S025,CS110,2025-11-05
A2116,S003,CS110,2025-11-10
A2117,S005,CS110,2025-11-10
A2118,S012,CS110,2025-11-10
A2119,S014,CS110,2025-11-10
A2120,S015,CS110,2025-11-10
A2121,S017,CS110,2025-11-10
A2122,S018,CS110,2025-11-10
A2123,S019,CS110,2025-11-10
A2124,S025,CS110,2025-11-10
A2125,S003,CS110,2025-11-11
A2126,S009,CS110,2025-11-11
A2127,S012,CS110,2025-11-11
A2128,S014,CS110,2025-11-11
A2129,S015,CS110,2025-11-11
A2130,S017,CS110,2025-11-11
A2131,S018,CS110,2025-11-11
A2132,S019,CS110,2025-11-11
A2133,S024,CS110,2025-11-11
A2134,S025,CS110,2025-11-11
A2135,S003,CS110,2025-11-12
A2136,S005,CS110,2025-11-12
A2137,S009,CS110,2025-11-12
A2138,S012,CS110,2025-11-12
A2139,S013,CS110,2025-11-12
A2140,S014,CS110,2025-11-12
A2141,S015,CS110,2025-11-12
A2142,S017,CS110,2025-11-12
A2143,S018,CS110,2025-11-12
A2144,S019,CS110,2025-11-12
A2145,S024,CS110,2025-11-12
A2146,S025,CS110,2025-11-12
A2147,S003,CS110,2025-11-13
A2148,S005,CS110,2025-11-13
A2149,S012,CS110,2025-11-13
A2150,S013,CS110,2025-11-13
A2151,S018,CS110,2025-11-13
A2152,S019,CS110,2025-11-13
A2153,S024,CS110,2025-11-13
A2154,S025,CS110,2025-11-13
A2155,S003,CS110,2025-11-14
A2156,S005,CS110,2025-11-14
A2157,S009,CS110,2025-11-14
A2158,S012,CS110,2025-11-14
A2159,S013,CS110,2025-11-14
A2160,S014,CS110,2025-11-14
A2161,S015,CS110,2025-11-14
A2162,S017,CS110,2025-11-14
A2163,S018,CS110,2025-11-14
A2164,S019,CS110,2025-11-14
A2165,S024,CS110,2025-11-14
A2166,S025,CS110,2025-11-14
A2167,S009,CS110,2025-11-17
A2168,S012,CS110,2025-11-17
A2169,S014,CS110,2025-11-17
A2170,S015,CS110,2025-11-17
A2171,S017,CS110,2025-11-17
A2172,S018,CS110,2025-11-17
A2173,S019,CS110,2025-11-17
A2174,S024,CS110,2025-11-17
A2175,S025,CS110,2025-11-17
A2176,S003,CS110,2025-11-19
A2177,S005,CS110,2025-11-19
A2178,S009,CS110,2025-11-19
A2179,S012,CS110,2025-11-19
A2180,S013,CS110,2025-11-19
A2181,S014,CS110,2025-11-19
A2182,S015,CS110,2025-11-19
A2183,S017,CS110,2025-11-19
A2184,S018,CS110,2025-11-19
A2185,S024,CS110,2025-11-19
A2186,S003,CS110,2025-11-20
A2187,S005,CS110,2025-11-20
A2188,S009,CS110,2025-11-20
A2189,S012,CS110,2025-11-20
A2190,S013,CS110,2025-11-20
A2191,S015,CS110,2025-11-20
A2192,S017,CS110,2025-11-20
A2193,S018,CS110,2025-11-20
A2194,S019,CS110,2025-11-20
A2195,S024,CS110,2025-11-20
A2196,S009,CS110,2025-11-21
A2197,S014,CS110,2025-11-21
A2198,S015,CS110,2025-11-21
A2199,S017,CS110,2025-11-21
A2200,S018,CS110,2025-11-21
A2201,S024,CS110,2025-11-21
A2202,S025,CS110,2025-11-21
A2203,S003,CS110,2025-11-24
A2204,S005,CS110,2025-11-24
A2205,S009,CS110,2025-11-24
A2206,S012,CS110,2025-11-24
A2207,S014,CS110,2025-11-24
A2208,S017,CS110,2025-11-24
A2209,S018,CS110,2025-11-24
A2210,S019,CS110,2025-11-24
A2211,S024,CS110,2025-11-24
A2212,S025,CS110,2025-11-24
A2213,S003,CS110,2025-11-25
A2214,S005,CS110,2025-11-25
A2215,S009,CS110,2025-11-25
A2216,S013,CS110,2025-11-25
A2217,S014,CS110,2025-11-25
A2218,S015,CS110,2025-11-25
A2219,S017,CS110,2025-11-25
A2220,S018,CS110,2025-11-25
A2221,S019,CS110,2025-11-25
A2222,S024,CS110,2025-11-25
A2223,S025,CS110,2025-11-25
A2224,S003,CS110,2025-11-26
A2225,S009,CS110,2025-11-26
A2226,S013,CS110,2025-11-26
A2227,S014,CS110,2025-11-26
A2228,S017,CS110,2025-11-26
A2229,S019,CS110,2025-11-26
A2230,S024,CS110,2025-11-26
A2231,S025,CS110,2025-11-26
A2232,S003,CS110,2025-11-27
A2233,S005,CS110,2025-11-27
A2234,S009,CS110,2025-11-27
A2235,S012,CS110,2025-11-27
A2236,S013,CS110,2025-11-27
A2237,S014,CS110,2025-11-27
A2238,S015,CS110,2025-11-27
A2239,S017,CS110,2025-11-27
A2240,S018,CS110,2025-11-27
A2241,S024,CS110,2025-11-27
A2242,S025,CS110,2025-11-27
A2243,S012,CS110,2025-11-28
A2244,S013,CS110,2025-11-28
A2245,S014,CS110,2025-11-28
A2246,S015,CS110,2025-11-28
A2247,S017,CS110,2025-11-28
A2248,S018,CS110,2025-11-28
A2249,S019,CS110,2025-11-28
A2250,S024,CS110,2025-11-28
A2251,S025,CS110,2025-11-28
A2252,S003,CS110,2025-12-02
A2253,S009,CS110,2025-12-02
A2254,S012,CS110,2025-12-02
A2255,S014,CS110,2025-12-02
A2256,S015,CS110,2025-12-02
A2257,S018,CS110,2025-12-02
A2258,S019,CS110,2025-12-02
A2259,S024,CS110,2025-12-02
A2260,S025,CS110,2025-12-02
A2261,S005,CS110,2025-12-03
A2262,S009,CS110,2025-12-03
A2263,S012,CS110,2025-12-03
A2264,S013,CS110,2025-12-03
A2265,S015,CS110,2025-12-03
A2266,S017,CS110,2025-12-03
A2267,S019,CS110,2025-12-03
A2268,S024,CS110,2025-12-03
A2269,S025,CS110,2025-12-03
A2270,S012,CS110,2025-12-04
A2271,S013,CS110,2025-12-04
A2272,S015,CS110,2025-12-04
A2273,S017,CS110,2025-12-04
A2274,S018,CS110,2025-12-04
A2275,S019,CS110,2025-12-04
A2276,S024,CS110,2025-12-04
A2277,S025,CS110,2025-12-04
A2278,S005,CS110,2025-12-05
A2279,S012,CS110,2025-12-05
A2280,S013,CS110,2025-12-05
A2281,S015,CS110,2025-12-05
A2282,S017,CS110,2025-12-05
A2283,S018,CS110,2025-12-05
A2284,S019,CS110,2025-12-05
A2285,S025,CS110,2025-12-05
A2286,S003,CS110,2025-12-08
A2287,S005,CS110,2025-12-08
A2288,S013,CS110,2025-12-08
A2289,S017,CS110,2025-12-08
A2290,S018,CS110,2025-12-08
A2291,S019,CS110,2025-12-08
A2292,S024,CS110,2025-12-08
A2293,S025,CS110,2025-12-08
A2294,S003,CS110,2025-12-09
A2295,S005,CS110,2025-12-09
A2296,S009,CS110,2025-12-09
A2297,S012,CS110,2025-12-09
A2298,S013,CS110,2025-12-09
A2299,S014,CS110,2025-12-09
A2300,S017,CS110,2025-12-09
A2301,S018,CS110,2025-12-09
A2302,S024,CS110,2025-12-09
A2303,S003,CS110,2025-12-10
A2304,S009,CS110,2025-12-10
A2305,S012,CS110,2025-12-10
A2306,S013,CS110,2025-12-10
A2307,S014,CS110,2025-12-10
A2308,S015,CS110,2025-12-10
A2309,S017,CS110,2025-12-10
A2310,S018,CS110,2025-12-10
A2311,S019,CS110,2025-12-10
A2312,S024,CS110,2025-12-10
A2313,S025,CS110,2025-12-10
A2314,S003,CS110,2025-12-11
A2315,S005,CS110,2025-12-11
A2316,S013,CS110,2025-12-11
A2317,S014,CS110,2025-12-11
A2318,S018,CS110,2025-12-11
A2319,S019,CS110,2025-12-11
A2320,S024,CS110,2025-12-11
A2321,S025,CS110,2025-12-11
A2322,S003,CS110,2025-12-15
A2323,S005,CS110,2025-12-15
A2324,S013,CS110,2025-12-15
A2325,S015,CS110,2025-12-15
A2326,S019,CS110,2025-12-15
A2327,S024,CS110,2025-12-15
A2328,S025,CS110,2025-12-15
A2329,S003,CS110,2025-12-16
A2330,S009,CS110,2025-12-16
A2331,S013,CS110,2025-12-16
A2332,S014,CS110,2025-12-16
A2333,S017,CS110,2025-12-16
A2334,S019,CS110,2025-12-16
A2335,S003,CS110,2025-12-17
A2336,S005,CS110,2025-12-17
A2337,S009,CS110,2025-12-17
A2338,S012,CS110,2025-12-17
A2339,S014,CS110,2025-12-17
A2340,S015,CS110,2025-12-17
A2341,S017,CS110,2025-12-17
A2342,S025,CS110,2025-12-17
A2343,S003,CS110,2025-12-18
A2344,S005,CS110,2025-12-18
A2345,S012,CS110,2025-12-18
A2346,S013,CS110,2025-12-18
A2347,S014,CS110,2025-12-18
A2348,S015,CS110,2025-12-18
A2349,S017,CS110,2025-12-18
A2350,S018,CS110,2025-12-18
A2351,S024,CS110,2025-12-18
A2352,S025,CS110,2025-12-18
A2353,S003,CS110,2025-12-19
A2354,S012,CS110,2025-12-19
A2355,S014,CS110,2025-12-19
A2356,S015,CS110,2025-12-19
A2357,S017,CS110,2025-12-19
A2358,S019,CS110,2025-12-19
A2359,S024,CS110,2025-12-19
A2360,S025,CS110,2025-12-19
A2361,S003,CS110,2025-12-22
A2362,S009,CS110,2025-12-22
A2363,S012,CS110,2025-12-22
A2364,S013,CS110,2025-12-22
A2365,S014,CS110,2025-12-22
A2366,S017,CS110,2025-12-22
A2367,S019,CS110,2025-12-22
A2368,S024,CS110,2025-12-22
A2369,S003,CS110,2025-12-23
A2370,S005,CS110,2025-12-23
A2371,S013,CS110,2025-12-23
A2372,S015,CS110,2025-12-23
A2373,S017,CS110,2025-12-23
A2374,S018,CS110,2025-12-23
A2375,S025,CS110,2025-12-23
A2376,S003,CS110,2025-12-24
A2377,S005,CS110,2025-12-24
A2378,S009,CS110,2025-12-24
A2379,S013,CS110,2025-12-24
A2380,S014,CS110,2025-12-24
A2381,S015,CS110,2025-12-24
A2382,S019,CS110,2025-12-24
A2383,S025,CS110,2025-12-24
A2384,S006,CS111,2025-10-28
A2385,S012,CS111,2025-10-28
A2386,S013,CS111,2025-10-28
A2387,S016,CS111,2025-10-28
A2388,S020,CS111,2025-10-28
A2389,S023,CS111,2025-10-28
A2390,S002,CS111,2025-10-29
A2391,S012,CS111,2025-10-29
A2392,S013,CS111,2025-10-29
A2393,S016,CS111,2025-10-29
A2394,S020,CS111,2025-10-29
A2395,S023,CS111,2025-10-29
A2396,S006,CS111,2025-10-30
A2397,S012,CS111,2025-10-30
A2398,S013,CS111,2025-10-30
A2399,S020,CS111,2025-10-30
A2400,S023,CS111,2025-10-30
A2401,S002,CS111,2025-10-31
A2402,S013,CS111,2025-10-31
A2403,S016,CS111,2025-10-31
A2404,S020,CS111,2025-10-31
A2405,S023,CS111,2025-10-31
A2406,S002,CS111,2025-11-03
A2407,S006,CS111,2025-11-03
A2408,S013,CS111,2025-11-03
A2409,S016,CS111,2025-11-03
A2410,S023,CS111,2025-11-03
A2411,S002,CS111,2025-11-05
A2412,S006,CS111,2025-11-05
A2413,S012,CS111,2025-11-05
A2414,S013,CS111,2025-11-05
A2415,S020,CS111,2025-11-05
A2416,S023,CS111,2025-11-05
A2417,S002,CS111,2025-11-06
A2418,S006,CS111,2025-11-06
A2419,S016,CS111,2025-11-06
A2420,S020,CS111,2025-11-06
A2421,S023,CS111,2025-11-06
A2422,S002,CS111,2025-11-07
A2423,S006,CS111,2025-11-07
A2424,S012,CS111,2025-11-07
A2425,S013,CS111,2025-11-07
A2426,S016,CS111,2025-11-07
A2427,S020,CS111,2025-11-07
A2428,S023,CS111,2025-11-07
A2429,S002,CS111,2025-11-11
A2430,S006,CS111,2025-11-11
A2431,S012,CS111,2025-11-11
A2432,S013,CS111,2025-11-11
A2433,S016,CS111,2025-11-11
A2434,S020,CS111,2025-11-11
A2435,S023,CS111,2025-11-11
A2436,S002,CS111,2025-11-12
A2437,S006,CS111,2025-11-12
A2438,S012,CS111,2025-11-12
A2439,S020,CS111,2025-11-12
A2440,S023,CS111,2025-11-12
A2441,S002,CS111,2025-11-13
A2442,S006,CS111,2025-11-13
A2443,S012,CS111,2025-11-13
A2444,S013,CS111,2025-11-13
A2445,S016,CS111,2025-11-13
A2446,S006,CS111,2025-11-14
A2447,S016,CS111,2025-11-14
A2448,S020,CS111,2025-11-14
A2449,S002,CS111,2025-11-17
A2450,S006,CS111,2025-11-17
A2451,S012,CS111,2025-11-17
A2452,S020,CS111,2025-11-17
A2453,S023,CS111,2025-11-17
A2454,S002,CS111,2025-11-18
A2455,S012,CS111,2025-11-18
A2456,S013,CS111,2025-11-18
A2457,S016,CS111,2025-11-18
A2458,S023,CS111,2025-11-18
A2459,S002,CS111,2025-11-19
A2460,S012,CS111,2025-11-19
A2461,S013,CS111,2025-11-19
A2462,S020,CS111,2025-11-19
A2463,S023,CS111,2025-11-19
A2464,S006,CS111,2025-11-21
A2465,S013,CS111,2025-11-21
A2466,S016,CS111,2025-11-21
A2467,S020,CS111,2025-11-21
A2468,S023,CS111,2025-11-21
A2469,S002,CS111,2025-11-24
A2470,S006,CS111,2025-11-24
A2471,S012,CS111,2025-11-24
A2472,S016,CS111,2025-11-24
A2473,S020,CS111,2025-11-24
A2474,S002,CS111,2025-11-26
A2475,S006,CS111,2025-11-26
A2476,S013,CS111,2025-11-26
A2477,S020,CS111,2025-11-26
A2478,S023,CS111,2025-11-26
A2479,S002,CS111,2025-11-27
A2480,S006,CS111,2025-11-27
A2481,S020,CS111,2025-11-27
A2482,S006,CS111,2025-11-28
A2483,S013,CS111,2025-11-28
A2484,S016,CS111,2025-11-28
A2485,S023,CS111,2025-11-28
A2486,S002,CS111,2025-12-01
A2487,S006,CS111,2025-12-01
A2488,S012,CS111,2025-12-01
A2489,S013,CS111,2025-12-01
A2490,S016,CS111,2025-12-01
A2491,S020,CS111,2025-12-01
A2492,S002,CS111,2025-12-02
A2493,S006,CS111,2025-12-02
A2494,S013,CS111,2025-12-02
A2495,S016,CS111,2025-12-02
A2496,S020,CS111,2025-12-02
A2497,S023,CS111,2025-12-02
A2498,S002,CS111,2025-12-03
A2499,S006,CS111,2025-12-03
A2500,S012,CS111,2025-12-03
A2501,S013,CS111,2025-12-03
A2502,S016,CS111,2025-12-03
A2503,S023,CS111,2025-12-03
A2504,S002,CS111,2025-12-04
A2505,S006,CS111,2025-12-04
A2506,S012,CS111,2025-12-04
A2507,S013,CS111,2025-12-04
A2508,S023,CS111,2025-12-04
A2509,S002,CS111,2025-12-08
A2510,S006,CS111,2025-12-08
A2511,S012,CS111,2025-12-08
A2512,S013,CS111,2025-12-08
A2513,S020,CS111,2025-12-08
A2514,S023,CS111,2025-12-08
A2515,S002,CS111,2025-12-10
A2516,S012,CS111,2025-12-10
A2517,S016,CS111,2025-12-10
A2518,S023,CS111,2025-12-10
A2519,S002,CS111,2025-12-11
A2520,S012,CS111,2025-12-11
A2521,S013,CS111,2025-12-11
A2522,S016,CS111,2025-12-11
A2523,S020,CS111,2025-12-11
A2524,S023,CS111,2025-12-11
A2525,S002,CS111,2025-12-12
A2526,S006,CS111,2025-12-12
A2527,S012,CS111,2025-12-12
A2528,S016,CS111,2025-12-12
A2529,S023,CS111,2025-12-12
A2530,S006,CS111,2025-12-15
A2531,S012,CS111,2025-12-15
A2532,S013,CS111,2025-12-15
A2533,S020,CS111,2025-12-15
A2534,S023,CS111,2025-12-15
A2535,S002,CS111,2025-12-16
A2536,S013,CS111,2025-12-16
A2537,S016,CS111,2025-12-16
A2538,S020,CS111,2025-12-16
A2539,S023,CS111,2025-12-16
A2540,S002,CS111,2025-12-17
A2541,S006,CS111,2025-12-17
A2542,S013,CS111,2025-12-17
A2543,S016,CS111,2025-12-17
A2544,S020,CS111,2025-12-17
A2545,S023,CS111,2025-12-17
A2546,S002,CS111,2025-12-18
A2547,S006,CS111,2025-12-18
A2548,S012,CS111,2025-12-18
A2549,S013,CS111,2025-12-18
A2550,S016,CS111,2025-12-18
A2551,S023,CS111,2025-12-18
A2552,S002,CS111,2025-12-19
A2553,S006,CS111,2025-12-19
A2554,S013,CS111,2025-12-19
A2555,S020,CS111,2025-12-19
A2556,S012,CS111,2025-12-22
A2557,S013,CS111,2025-12-22
A2558,S020,CS111,2025-12-22
A2559,S023,CS111,2025-12-22
A2560,S002,CS111,2025-12-23
A2561,S013,CS111,2025-12-23
A2562,S016,CS111,2025-12-23
A2563,S023,CS111,2025-12-23
A2564,S016,CS111,2025-12-24
A2565,S020,CS111,2025-12-24
A2566,S001,CS112,2025-10-28
A2567,S011,CS112,2025-10-28
A2568,S021,CS112,2025-10-28
A2569,S024,CS112,2025-10-28
A2570,S006,CS112,2025-10-29
A2571,S009,CS112,2025-10-29
A2572,S011,CS112,2025-10-29
A2573,S021,CS112,2025-10-29
A2574,S024,CS112,2025-10-29
A2575,S001,CS112,2025-10-30
A2576,S006,CS112,2025-10-30
A2577,S009,CS112,2025-10-30
A2578,S011,CS112,2025-10-30
A2579,S001,CS112,2025-10-31
A2580,S006,CS112,2025-10-31
A2581,S009,CS112,2025-10-31
A2582,S011,CS112,2025-10-31
A2583,S021,CS112,2025-10-31
A2584,S024,CS112,2025-10-31
A2585,S006,CS112,2025-11-03
A2586,S009,CS112,2025-11-03
A2587,S011,CS112,2025-11-03
A2588,S021,CS112,2025-11-03
A2589,S024,CS112,2025-11-03
A2590,S001,CS112,2025-11-04
A2591,S009,CS112,2025-11-04
A2592,S021,CS112,2025-11-04
A2593,S024,CS112,2025-11-04
A2594,S006,CS112,2025-11-05
A2595,S009,CS112,2025-11-05
A2596,S021,CS112,2025-11-05
A2597,S024,CS112,2025-11-05
A2598,S001,CS112,2025-11-06
A2599,S009,CS112,2025-11-06
A2600,S011,CS112,2025-11-06
A2601,S021,CS112,2025-11-06
A2602,S024,CS112,2025-11-06
A2603,S001,CS112,2025-11-11
A2604,S006,CS112,2025-11-11
A2605,S009,CS112,2025-11-11
A2606,S011,CS112,2025-11-11
A2607,S001,CS112,2025-11-12
A2608,S009,CS112,2025-11-12
A2609,S011,CS112,2025-11-12
A2610,S021,CS112,2025-11-12
A2611,S024,CS112,2025-11-12
A2612,S009,CS112,2025-11-13
A2613,S011,CS112,2025-11-13
A2614,S021,CS112,2025-11-13
A2615,S024,CS112,2025-11-13
A2616,S001,CS112,2025-11-14
A2617,S006,CS112,2025-11-14
A2618,S009,CS112,2025-11-14
A2619,S021,CS112,2025-11-14
A2620,S024,CS112,2025-11-14
A2621,S001,CS112,2025-11-17
A2622,S006,CS112,2025-11-17
A2623,S021,CS112,2025-11-17
A2624,S001,CS112,2025-11-19
A2625,S006,CS112,2025-11-19
A2626,S009,CS112,2025-11-19
A2627,S011,CS112,2025-11-19
A2628,S024,CS112,2025-11-19
A2629,S001,CS112,2025-11-20
A2630,S006,CS112,2025-11-20
A2631,S009,CS112,2025-11-20
A2632,S011,CS112,2025-11-20
A2633,S024,CS112,2025-11-20
A2634,S006,CS112,2025-11-21
A2635,S009,CS112,2025-11-21
A2636,S011,CS112,2025-11-21
A2637,S024,CS112,2025-11-21
A2638,S006,CS112,2025-11-24
A2639,S011,CS112,2025-11-24
A2640,S024,CS112,2025-11-24
A2641,S009,CS112,2025-11-25
A2642,S011,CS112,2025-11-25
A2643,S021,CS112,2025-11-25
A2644,S024,CS112,2025-11-25
A2645,S001,CS112,2025-11-26
A2646,S009,CS112,2025-11-26
A2647,S011,CS112,2025-11-26
A2648,S024,CS112,2025-11-26
A2649,S006,CS112,2025-11-27
A2650,S009,CS112,2025-11-27
A2651,S011,CS112,2025-11-27
A2652,S021,CS112,2025-11-27
A2653,S024,CS112,2025-11-27
A2654,S001,CS112,2025-11-28
A2655,S006,CS112,2025-11-28
A2656,S011,CS112,2025-11-28
A2657,S021,CS112,2025-11-28
A2658,S024,CS112,2025-11-28
A2659,S001,CS112,2025-12-01
A2660,S006,CS112,2025-12-01
A2661,S009,CS112,2025-12-01
A2662,S011,CS112,2025-12-01
A2663,S021,CS112,2025-12-01
A2664,S001,CS112,2025-12-02
A2665,S006,CS112,2025-12-02
A2666,S009,CS112,2025-12-02
A2667,S011,CS112,2025-12-02
A2668,S021,CS112,2025-12-02
A2669,S024,CS112,2025-12-02
A2670,S001,CS112,2025-12-03
A2671,S006,CS112,2025-12-03
A2672,S009,CS112,2025-12-03
A2673,S021,CS112,2025-12-03
A2674,S024,CS112,2025-12-03
A2675,S001,CS112,2025-12-04
A2676,S006,CS112,2025-12-04
A2677,S009,CS112,2025-12-04
A2678,S011,CS112,2025-12-04
A2679,S021,CS112,2025-12-04
A2680,S006,CS112,2025-12-05
A2681,S024,CS112,2025-12-05
A2682,S006,CS112,2025-12-08
A2683,S009,CS112,2025-12-08
A2684,S011,CS112,2025-12-08
A2685,S021,CS112,2025-12-08
A2686,S024,CS112,2025-12-08
A2687,S001,CS112,2025-12-09
A2688,S006,CS112,2025-12-09
A2689,S011,CS112,2025-12-09
A2690,S021,CS112,2025-12-09
A2691,S024,CS112,2025-12-09
A2692,S009,CS112,2025-12-10
A2693,S011,CS112,2025-12-10
A2694,S001,CS112,2025-12-11
A2695,S006,CS112,2025-12-11
A2696,S009,CS112,2025-12-11
A2697,S011,CS112,2025-12-11
A2698,S021,CS112,2025-12-11
A2699,S024,CS112,2025-12-11
A2700,S001,CS112,2025-12-15
A2701,S009,CS112,2025-12-15
A2702,S011,CS112,2025-12-15
A2703,S021,CS112,2025-12-15
A2704,S024,CS112,2025-12-15
A2705,S001,CS112,2025-12-16
A2706,S006,CS112,2025-12-16
A2707,S021,CS112,2025-12-16
A2708,S024,CS112,2025-12-16
A2709,S001,CS112,2025-12-17
A2710,S006,CS112,2025-12-17
A2711,S009,CS112,2025-12-17
A2712,S011,CS112,2025-12-17
A2713,S021,CS112,2025-12-17
A2714,S024,CS112,2025-12-17
A2715,S001,CS112,2025-12-18
A2716,S009,CS112,2025-12-18
A2717,S011,CS112,2025-12-18
A2718,S021,CS112,2025-12-18
A2719,S001,CS112,2025-12-19
A2720,S006,CS112,2025-12-19
A2721,S009,CS112,2025-12-19
A2722,S011,CS112,2025-12-19
A2723,S021,CS112,2025-12-19
A2724,S024,CS112,2025-12-19
A2725,S006,CS112,2025-12-23
A2726,S009,CS112,2025-12-23
A2727,S021,CS112,2025-12-23
A2728,S024,CS112,2025-12-23
A2729,S001,CS112,2025-12-24
A2730,S006,CS112,2025-12-24
A2731,S009,CS112,2025-12-24
A2732,S011,CS112,2025-12-24
A2733,S021,CS112,2025-12-24
A2734,S024,CS112,2025-12-24
